country,country_code,year,female_labor_force_participation_rate
Africa Eastern and Southern,AFE,2015.0,63.1971810737597
Afghanistan,AFG,2015.0,19.113
Africa Western and Central,AFW,2015.0,66.7249556679014
Angola,AGO,2015.0,73.933
Albania,ALB,2015.0,47.117
Arab World,ARB,2015.0,20.681454301284
United Arab Emirates,ARE,2015.0,48.183
Argentina,ARG,2015.0,47.498
Armenia,ARM,2015.0,53.826
Australia,AUS,2015.0,59.151
Austria,AUT,2015.0,54.827
Azerbaijan,AZE,2015.0,61.096
Burundi,BDI,2015.0,80.778
Belgium,BEL,2015.0,48.045
Benin,BEN,2015.0,72.007
Burkina Faso,BFA,2015.0,73.531
Bangladesh,BGD,2015.0,33.531
Bulgaria,BGR,2015.0,48.725
Bahrain,BHR,2015.0,43.369
"Bahamas, The",BHS,2015.0,70.291
Bosnia and Herzegovina,BIH,2015.0,38.824
Belarus,BLR,2015.0,58.668
Belize,BLZ,2015.0,48.253
Bolivia,BOL,2015.0,57.044
Brazil,BRA,2015.0,53.323
Barbados,BRB,2015.0,61.731
Brunei Darussalam,BRN,2015.0,57.383
Bhutan,BTN,2015.0,54.976
Botswana,BWA,2015.0,56.288
Central African Republic,CAF,2015.0,65.301
Canada,CAN,2015.0,60.969
Central Europe and the Baltics,CEB,2015.0,48.7086259720424
Switzerland,CHE,2015.0,62.36
Channel Islands,CHI,2015.0,51.239
Chile,CHL,2015.0,50.352
China,CHN,2015.0,62.605
Cote d'Ivoire,CIV,2015.0,59.228
Cameroon,CMR,2015.0,65.628
"Congo, Dem. Rep.",COD,2015.0,61.84
"Congo, Rep.",COG,2015.0,66.526
Colombia,COL,2015.0,55.255
Comoros,COM,2015.0,34.778
Cabo Verde,CPV,2015.0,51.843
Costa Rica,CRI,2015.0,50.06
Caribbean small states,CSS,2015.0,52.1720265690208
Cuba,CUB,2015.0,44.31
Cyprus,CYP,2015.0,59.097
Czechia,CZE,2015.0,51.187
Germany,DEU,2015.0,54.441
Djibouti,DJI,2015.0,17.785
Denmark,DNK,2015.0,56.837
Dominican Republic,DOM,2015.0,48.157
Algeria,DZA,2015.0,15.258
East Asia & Pacific (excluding high income),EAP,2015.0,60.7490886000682
Early-demographic dividend,EAR,2015.0,34.4715926647993
East Asia & Pacific,EAS,2015.0,59.6916484323044
Europe & Central Asia (excluding high income),ECA,2015.0,43.8770259708606
Europe & Central Asia,ECS,2015.0,50.2465494617249
Ecuador,ECU,2015.0,51.905
"Egypt, Arab Rep.",EGY,2015.0,22.813
Euro area,EMU,2015.0,50.4602794589774
Eritrea,ERI,2015.0,73.372
Spain,ESP,2015.0,52.62
Estonia,EST,2015.0,55.747
Ethiopia,ETH,2015.0,70.185
European Union,EUU,2015.0,50.2881483598504
Fragile and conflict affected situations,FCS,2015.0,54.6689169803174
Finland,FIN,2015.0,55.407
Fiji,FJI,2015.0,40.016
France,FRA,2015.0,50.957
Gabon,GAB,2015.0,41.453
United Kingdom,GBR,2015.0,56.722
Georgia,GEO,2015.0,58.678
Ghana,GHA,2015.0,65.049
Guinea,GIN,2015.0,47.185
"Gambia, The",GMB,2015.0,44.465
Guinea-Bissau,GNB,2015.0,56.11
Equatorial Guinea,GNQ,2015.0,53.596
Greece,GRC,2015.0,44.028
Guatemala,GTM,2015.0,38.437
Guam,GUM,2015.0,56.338
Guyana,GUY,2015.0,42.273
High income,HIC,2015.0,52.7562000694467
"Hong Kong SAR, China",HKG,2015.0,54.211
Honduras,HND,2015.0,46.551
Heavily indebted poor countries (HIPC),HPC,2015.0,60.3311448017554
Croatia,HRV,2015.0,46.662
Haiti,HTI,2015.0,61.695
Hungary,HUN,2015.0,49.901
IBRD only,IBD,2015.0,46.7361978430806
IDA & IBRD total,IBT,2015.0,47.558406060518
IDA total,IDA,2015.0,50.5629430747717
IDA blend,IDB,2015.0,50.469711393102
Indonesia,IDN,2015.0,50.772
IDA only,IDX,2015.0,50.6120498479123
India,IND,2015.0,26.582
Ireland,IRL,2015.0,54.809
"Iran, Islamic Rep.",IRN,2015.0,14.362
Iraq,IRQ,2015.0,14.178
Iceland,ISL,2015.0,72.787
Israel,ISR,2015.0,60.114
Italy,ITA,2015.0,39.391
Jamaica,JAM,2015.0,58.524
Jordan,JOR,2015.0,13.599
Japan,JPN,2015.0,49.41
Kazakhstan,KAZ,2015.0,65.46
Kenya,KEN,2015.0,71.356
Kyrgyz Republic,KGZ,2015.0,47.459
Cambodia,KHM,2015.0,73.417
"Korea, Rep.",KOR,2015.0,52.391
Kuwait,KWT,2015.0,49.648
Latin America & Caribbean (excluding high income),LAC,2015.0,51.0446931851262
Lao PDR,LAO,2015.0,56.202
Lebanon,LBN,2015.0,26.114
Liberia,LBR,2015.0,71.923
Libya,LBY,2015.0,34.132
St. Lucia,LCA,2015.0,63.495
Latin America & Caribbean,LCN,2015.0,50.8003879699869
Least developed countries: UN classification,LDC,2015.0,52.3707867392593
Low income,LIC,2015.0,53.6383844388404
Sri Lanka,LKA,2015.0,35.33
Lower middle income,LMC,2015.0,37.2243241242405
Low & middle income,LMY,2015.0,47.0938367753143
Lesotho,LSO,2015.0,54.532
Late-demographic dividend,LTE,2015.0,59.5375468208775
Lithuania,LTU,2015.0,54.428
Luxembourg,LUX,2015.0,54.247
Latvia,LVA,2015.0,54.029
"Macao SAR, China",MAC,2015.0,66.133
Morocco,MAR,2015.0,24.362
Moldova,MDA,2015.0,69.413
Madagascar,MDG,2015.0,83.249
Maldives,MDV,2015.0,38.573
"Middle East, North Africa, Afghanistan & Pakistan",MEA,2015.0,21.0850188228097
Mexico,MEX,2015.0,43.928
Middle income,MIC,2015.0,46.6320133729633
North Macedonia,MKD,2015.0,42.307
Mali,MLI,2015.0,61.216
Malta,MLT,2015.0,43.02
Myanmar,MMR,2015.0,50.799
"Middle East, North Africa, Afghanistan & Pakistan (excluding high income)",MNA,2015.0,19.832171788223
Montenegro,MNE,2015.0,46.123
Mongolia,MNG,2015.0,53.429
Mozambique,MOZ,2015.0,78.143
Mauritania,MRT,2015.0,26.679
Mauritius,MUS,2015.0,46.371
Malawi,MWI,2015.0,62.23
Malaysia,MYS,2015.0,50.83
North America,NAC,2015.0,56.461722458007
Namibia,NAM,2015.0,56.351
New Caledonia,NCL,2015.0,57.768
Niger,NER,2015.0,61.705
Nigeria,NGA,2015.0,75.759
Nicaragua,NIC,2015.0,48.342
Netherlands,NLD,2015.0,60.755
Norway,NOR,2015.0,63.205
Nepal,NPL,2015.0,27.006
New Zealand,NZL,2015.0,62.855
OECD members,OED,2015.0,51.3684488000378
Oman,OMN,2015.0,29.621
Other small states,OSS,2015.0,48.8277737174907
Pakistan,PAK,2015.0,23.983
Panama,PAN,2015.0,51.485
Peru,PER,2015.0,67.657
Philippines,PHL,2015.0,48.67
Papua New Guinea,PNG,2015.0,48.779
Poland,POL,2015.0,49.527
Pre-demographic dividend,PRE,2015.0,61.7652465922342
Puerto Rico (US),PRI,2015.0,31.876
"Korea, Dem. People's Rep.",PRK,2015.0,77.608
Portugal,PRT,2015.0,53.7
Paraguay,PRY,2015.0,54.827
West Bank and Gaza,PSE,2015.0,17.998
Pacific island small states,PSS,2015.0,53.7542561061035
Post-demographic dividend,PST,2015.0,53.1520460294586
French Polynesia,PYF,2015.0,49.0
Qatar,QAT,2015.0,55.988
Romania,ROU,2015.0,42.473
Russian Federation,RUS,2015.0,55.555
Rwanda,RWA,2015.0,54.516
South Asia,SAS,2015.0,27.4756377114581
Saudi Arabia,SAU,2015.0,21.635
Sudan,SDN,2015.0,23.304
Senegal,SEN,2015.0,34.06
Singapore,SGP,2015.0,61.305
Solomon Islands,SLB,2015.0,82.568
Sierra Leone,SLE,2015.0,55.091
El Salvador,SLV,2015.0,45.09
"Somalia, Fed. Rep.",SOM,2015.0,20.942
Serbia,SRB,2015.0,43.295
Sub-Saharan Africa (excluding high income),SSA,2015.0,63.9668550593373
South Sudan,SSD,2015.0,71.806
Sub-Saharan Africa,SSF,2015.0,64.596291642113
Small states,SST,2015.0,50.1428725096958
Sao Tome and Principe,STP,2015.0,22.768
Suriname,SUR,2015.0,44.378
Slovak Republic,SVK,2015.0,51.931
Slovenia,SVN,2015.0,52.275
Sweden,SWE,2015.0,60.562
Eswatini,SWZ,2015.0,46.819
Syrian Arab Republic,SYR,2015.0,12.729
Chad,TCD,2015.0,50.481
East Asia & Pacific (IDA & IBRD countries),TEA,2015.0,60.5262891007353
Europe & Central Asia (IDA & IBRD countries),TEC,2015.0,48.4093987015069
Togo,TGO,2015.0,55.644
Thailand,THA,2015.0,61.068
Tajikistan,TJK,2015.0,23.907
Turkmenistan,TKM,2015.0,39.461
Latin America & the Caribbean (IDA & IBRD countries),TLA,2015.0,51.0509770433769
Timor-Leste,TLS,2015.0,61.298
"Middle East, North Africa, Afghanistan & Pakistan (IDA & IBRD)",TMN,2015.0,19.8439233193227
Tonga,TON,2015.0,43.081
South Asia (IDA & IBRD),TSA,2015.0,27.4756377114581
Sub-Saharan Africa (IDA & IBRD countries),TSS,2015.0,64.596291642113
Trinidad and Tobago,TTO,2015.0,51.964
Tunisia,TUN,2015.0,26.072
Turkiye,TUR,2015.0,31.416
Tanzania,TZA,2015.0,80.123
Uganda,UGA,2015.0,73.722
Ukraine,UKR,2015.0,50.36
Upper middle income,UMC,2015.0,54.8653404973653
Uruguay,URY,2015.0,56.3
United States,USA,2015.0,55.938
Uzbekistan,UZB,2015.0,39.447
St. Vincent and the Grenadines,VCT,2015.0,54.737
"Venezuela, RB",VEN,2015.0,48.27
Virgin Islands (U.S.),VIR,2015.0,55.655
Viet Nam,VNM,2015.0,72.863
Vanuatu,VUT,2015.0,55.728
World,WLD,2015.0,48.5463086828544
Samoa,WSM,2015.0,41.422
"Yemen, Rep.",YEM,2015.0,5.207
South Africa,ZAF,2015.0,47.716
Zambia,ZMB,2015.0,51.787
Zimbabwe,ZWE,2015.0,60.384
Africa Eastern and Southern,AFE,2016.0,62.5959844832547
Afghanistan,AFG,2016.0,20.156
Africa Western and Central,AFW,2016.0,66.5614485140754
Angola,AGO,2016.0,73.697
Albania,ALB,2016.0,49.888
Arab World,ARB,2016.0,20.7174106547458
United Arab Emirates,ARE,2016.0,49.228
Argentina,ARG,2016.0,47.582
Armenia,ARM,2016.0,53.881
Australia,AUS,2016.0,59.381
Austria,AUT,2016.0,55.349
Azerbaijan,AZE,2016.0,62.043
Burundi,BDI,2016.0,81.001
Belgium,BEL,2016.0,47.81
Benin,BEN,2016.0,72.597
Burkina Faso,BFA,2016.0,73.267
Bangladesh,BGD,2016.0,33.497
Bulgaria,BGR,2016.0,47.437
Bahrain,BHR,2016.0,43.543
"Bahamas, The",BHS,2016.0,70.509
Bosnia and Herzegovina,BIH,2016.0,38.632
Belarus,BLR,2016.0,58.75
Belize,BLZ,2016.0,49.101
Bolivia,BOL,2016.0,56.919
Brazil,BRA,2016.0,53.522
Barbados,BRB,2016.0,62.528
Brunei Darussalam,BRN,2016.0,57.411
Bhutan,BTN,2016.0,54.892
Botswana,BWA,2016.0,56.68
Central African Republic,CAF,2016.0,65.301
Canada,CAN,2016.0,60.879
Central Europe and the Baltics,CEB,2016.0,48.771404289335
Switzerland,CHE,2016.0,62.934
Channel Islands,CHI,2016.0,51.517
Chile,CHL,2016.0,50.756
China,CHN,2016.0,62.326
Cote d'Ivoire,CIV,2016.0,58.173
Cameroon,CMR,2016.0,64.23
"Congo, Dem. Rep.",COD,2016.0,61.662
"Congo, Rep.",COG,2016.0,66.471
Colombia,COL,2016.0,54.719
Comoros,COM,2016.0,36.845
Cabo Verde,CPV,2016.0,51.941
Costa Rica,CRI,2016.0,46.018
Caribbean small states,CSS,2016.0,52.5247938365044
Cuba,CUB,2016.0,44.479
Cyprus,CYP,2016.0,58.281
Czechia,CZE,2016.0,51.735
Germany,DEU,2016.0,54.808
Djibouti,DJI,2016.0,17.959
Denmark,DNK,2016.0,57.677
Dominican Republic,DOM,2016.0,48.821
Algeria,DZA,2016.0,15.031
East Asia & Pacific (excluding high income),EAP,2016.0,60.4690152945379
Early-demographic dividend,EAR,2016.0,34.4723760285488
East Asia & Pacific,EAS,2016.0,59.5083991310146
Europe & Central Asia (excluding high income),ECA,2016.0,44.0817049741493
Europe & Central Asia,ECS,2016.0,50.4270132617854
Ecuador,ECU,2016.0,55.406
"Egypt, Arab Rep.",EGY,2016.0,23.072
Euro area,EMU,2016.0,50.654021782094
Eritrea,ERI,2016.0,73.273
Spain,ESP,2016.0,52.485
Estonia,EST,2016.0,56.295
Ethiopia,ETH,2016.0,68.148
European Union,EUU,2016.0,50.4648030294592
Fragile and conflict affected situations,FCS,2016.0,54.2516888488024
Finland,FIN,2016.0,54.982
Fiji,FJI,2016.0,38.51
France,FRA,2016.0,50.83
Gabon,GAB,2016.0,41.649
United Kingdom,GBR,2016.0,57.074
Georgia,GEO,2016.0,58.551
Ghana,GHA,2016.0,64.013
Guinea,GIN,2016.0,45.954
"Gambia, The",GMB,2016.0,44.377
Guinea-Bissau,GNB,2016.0,56.189
Equatorial Guinea,GNQ,2016.0,53.745
Greece,GRC,2016.0,44.091
Guatemala,GTM,2016.0,39.525
Guam,GUM,2016.0,56.36
Guyana,GUY,2016.0,42.902
High income,HIC,2016.0,52.9903480013617
"Hong Kong SAR, China",HKG,2016.0,54.28
Honduras,HND,2016.0,45.913
Heavily indebted poor countries (HIPC),HPC,2016.0,59.731617231874
Croatia,HRV,2016.0,45.148
Haiti,HTI,2016.0,61.827
Hungary,HUN,2016.0,50.839
IBRD only,IBD,2016.0,46.6145413470794
IDA & IBRD total,IBT,2016.0,47.4058032263275
IDA total,IDA,2016.0,50.2596582630496
IDA blend,IDB,2016.0,50.249362050414
Indonesia,IDN,2016.0,50.949
IDA only,IDX,2016.0,50.265054556204
India,IND,2016.0,26.575
Ireland,IRL,2016.0,55.533
"Iran, Islamic Rep.",IRN,2016.0,16.174
Iraq,IRQ,2016.0,14.65
Iceland,ISL,2016.0,72.997
Israel,ISR,2016.0,60.412
Italy,ITA,2016.0,40.069
Jamaica,JAM,2016.0,57.654
Jordan,JOR,2016.0,15.051
Japan,JPN,2016.0,50.208
Kazakhstan,KAZ,2016.0,65.205
Kenya,KEN,2016.0,71.417
Kyrgyz Republic,KGZ,2016.0,46.17
Cambodia,KHM,2016.0,75.918
"Korea, Rep.",KOR,2016.0,52.568
Kuwait,KWT,2016.0,49.532
Latin America & Caribbean (excluding high income),LAC,2016.0,51.2554537806146
Lao PDR,LAO,2016.0,56.106
Lebanon,LBN,2016.0,26.885
Liberia,LBR,2016.0,71.953
Libya,LBY,2016.0,34.111
St. Lucia,LCA,2016.0,63.595
Latin America & Caribbean,LCN,2016.0,50.9594393418127
Least developed countries: UN classification,LDC,2016.0,52.0148950397923
Low income,LIC,2016.0,53.1836456389197
Sri Lanka,LKA,2016.0,35.252
Lower middle income,LMC,2016.0,37.1478079569643
Low & middle income,LMY,2016.0,46.9595935402636
Lesotho,LSO,2016.0,53.146
Late-demographic dividend,LTE,2016.0,59.3306608494078
Lithuania,LTU,2016.0,55.606
Luxembourg,LUX,2016.0,53.625
Latvia,LVA,2016.0,54.863
"Macao SAR, China",MAC,2016.0,65.602
Morocco,MAR,2016.0,23.275
Moldova,MDA,2016.0,68.93
Madagascar,MDG,2016.0,83.137
Maldives,MDV,2016.0,38.986
"Middle East, North Africa, Afghanistan & Pakistan",MEA,2016.0,21.2291491100509
Mexico,MEX,2016.0,43.988
Middle income,MIC,2016.0,46.5140198601427
North Macedonia,MKD,2016.0,41.114
Mali,MLI,2016.0,59.554
Malta,MLT,2016.0,44.653
Myanmar,MMR,2016.0,49.229
"Middle East, North Africa, Afghanistan & Pakistan (excluding high income)",MNA,2016.0,19.9015710635288
Montenegro,MNE,2016.0,45.699
Mongolia,MNG,2016.0,52.092
Mozambique,MOZ,2016.0,78.041
Mauritania,MRT,2016.0,26.447
Mauritius,MUS,2016.0,45.414
Malawi,MWI,2016.0,60.514
Malaysia,MYS,2016.0,50.986
North America,NAC,2016.0,56.5943264847355
Namibia,NAM,2016.0,55.497
New Caledonia,NCL,2016.0,56.622
Niger,NER,2016.0,61.334
Nigeria,NGA,2016.0,75.887
Nicaragua,NIC,2016.0,48.728
Netherlands,NLD,2016.0,60.816
Norway,NOR,2016.0,62.972
Nepal,NPL,2016.0,27.346
New Zealand,NZL,2016.0,64.048
OECD members,OED,2016.0,51.6219086453202
Oman,OMN,2016.0,30.269
Other small states,OSS,2016.0,48.8576442890041
Pakistan,PAK,2016.0,23.162
Panama,PAN,2016.0,52.16
Peru,PER,2016.0,67.721
Philippines,PHL,2016.0,48.19
Papua New Guinea,PNG,2016.0,49.008
Poland,POL,2016.0,49.64
Pre-demographic dividend,PRE,2016.0,61.5613753890598
Puerto Rico (US),PRI,2016.0,32.231
"Korea, Dem. People's Rep.",PRK,2016.0,77.484
Portugal,PRT,2016.0,53.484
Paraguay,PRY,2016.0,56.466
West Bank and Gaza,PSE,2016.0,17.435
Pacific island small states,PSS,2016.0,53.2376363399564
Post-demographic dividend,PST,2016.0,53.4011321771887
French Polynesia,PYF,2016.0,49.079
Qatar,QAT,2016.0,56.79
Romania,ROU,2016.0,42.123
Russian Federation,RUS,2016.0,55.684
Rwanda,RWA,2016.0,54.612
South Asia,SAS,2016.0,27.4711295642255
Saudi Arabia,SAU,2016.0,22.866
Sudan,SDN,2016.0,22.088
Senegal,SEN,2016.0,38.726
Singapore,SGP,2016.0,61.313
Solomon Islands,SLB,2016.0,82.447
Sierra Leone,SLE,2016.0,53.87
El Salvador,SLV,2016.0,45.811
"Somalia, Fed. Rep.",SOM,2016.0,20.967
Serbia,SRB,2016.0,45.271
Sub-Saharan Africa (excluding high income),SSA,2016.0,63.7153250037166
South Sudan,SSD,2016.0,71.609
Sub-Saharan Africa,SSF,2016.0,64.1673288530477
Small states,SST,2016.0,50.1916377306901
Sao Tome and Principe,STP,2016.0,22.844
Suriname,SUR,2016.0,45.14
Slovak Republic,SVK,2016.0,52.511
Slovenia,SVN,2016.0,52.113
Sweden,SWE,2016.0,60.691
Eswatini,SWZ,2016.0,46.965
Syrian Arab Republic,SYR,2016.0,12.802
Chad,TCD,2016.0,49.821
East Asia & Pacific (IDA & IBRD countries),TEA,2016.0,60.2445805152794
Europe & Central Asia (IDA & IBRD countries),TEC,2016.0,48.4962815144151
Togo,TGO,2016.0,55.686
Thailand,THA,2016.0,60.17
Tajikistan,TJK,2016.0,23.032
Turkmenistan,TKM,2016.0,39.273
Latin America & the Caribbean (IDA & IBRD countries),TLA,2016.0,51.2039985042131
Timor-Leste,TLS,2016.0,61.26
"Middle East, North Africa, Afghanistan & Pakistan (IDA & IBRD)",TMN,2016.0,19.9175331429971
Tonga,TON,2016.0,42.935
South Asia (IDA & IBRD),TSA,2016.0,27.4711295642255
Sub-Saharan Africa (IDA & IBRD countries),TSS,2016.0,64.1673288530477
Trinidad and Tobago,TTO,2016.0,51.922
Tunisia,TUN,2016.0,26.647
Turkiye,TUR,2016.0,32.38
Tanzania,TZA,2016.0,80.164
Uganda,UGA,2016.0,71.587
Ukraine,UKR,2016.0,50.072
Upper middle income,UMC,2016.0,54.7997197137984
Uruguay,URY,2016.0,56.341
United States,USA,2016.0,56.095
Uzbekistan,UZB,2016.0,39.57
St. Vincent and the Grenadines,VCT,2016.0,55.3
"Venezuela, RB",VEN,2016.0,47.867
Virgin Islands (U.S.),VIR,2016.0,55.592
Viet Nam,VNM,2016.0,72.53
Vanuatu,VUT,2016.0,55.283
World,WLD,2016.0,48.4632199883405
Samoa,WSM,2016.0,41.385
"Yemen, Rep.",YEM,2016.0,5.117
South Africa,ZAF,2016.0,47.74
Zambia,ZMB,2016.0,51.893
Zimbabwe,ZWE,2016.0,60.441
Africa Eastern and Southern,AFE,2017.0,61.8408823637693
Afghanistan,AFG,2017.0,21.24
Africa Western and Central,AFW,2017.0,66.1944450713112
Angola,AGO,2017.0,73.461
Albania,ALB,2017.0,49.736
Arab World,ARB,2017.0,19.8966688504065
United Arab Emirates,ARE,2017.0,50.926
Argentina,ARG,2017.0,47.666
Armenia,ARM,2017.0,53.766
Australia,AUS,2017.0,59.877
Austria,AUT,2017.0,55.351
Azerbaijan,AZE,2017.0,62.213
Burundi,BDI,2017.0,81.087
Belgium,BEL,2017.0,47.974
Benin,BEN,2017.0,73.179
Burkina Faso,BFA,2017.0,73.0
Bangladesh,BGD,2017.0,36.676
Bulgaria,BGR,2017.0,49.604
Bahrain,BHR,2017.0,43.581
"Bahamas, The",BHS,2017.0,70.76
Bosnia and Herzegovina,BIH,2017.0,38.558
Belarus,BLR,2017.0,58.591
Belize,BLZ,2017.0,48.678
Bolivia,BOL,2017.0,59.112
Brazil,BRA,2017.0,54.353
Barbados,BRB,2017.0,62.517
Brunei Darussalam,BRN,2017.0,57.458
Bhutan,BTN,2017.0,54.815
Botswana,BWA,2017.0,57.102
Central African Republic,CAF,2017.0,65.308
Canada,CAN,2017.0,61.072
Central Europe and the Baltics,CEB,2017.0,49.2838846147927
Switzerland,CHE,2017.0,62.705
Channel Islands,CHI,2017.0,51.412
Chile,CHL,2017.0,51.739
China,CHN,2017.0,61.957
Cote d'Ivoire,CIV,2017.0,57.507
Cameroon,CMR,2017.0,62.821
"Congo, Dem. Rep.",COD,2017.0,61.492
"Congo, Rep.",COG,2017.0,66.458
Colombia,COL,2017.0,54.343
Comoros,COM,2017.0,38.973
Cabo Verde,CPV,2017.0,52.038
Costa Rica,CRI,2017.0,45.905
Caribbean small states,CSS,2017.0,52.5489161160958
Cuba,CUB,2017.0,44.641
Cyprus,CYP,2017.0,58.922
Czechia,CZE,2017.0,52.114
Germany,DEU,2017.0,55.138
Djibouti,DJI,2017.0,18.146
Denmark,DNK,2017.0,57.739
Dominican Republic,DOM,2017.0,49.009
Algeria,DZA,2017.0,14.919
East Asia & Pacific (excluding high income),EAP,2017.0,60.1188046304336
Early-demographic dividend,EAR,2017.0,34.5212476306705
East Asia & Pacific,EAS,2017.0,59.2748334813587
Europe & Central Asia (excluding high income),ECA,2017.0,44.1860218481217
Europe & Central Asia,ECS,2017.0,50.5150626044321
Ecuador,ECU,2017.0,56.173
"Egypt, Arab Rep.",EGY,2017.0,22.184
Euro area,EMU,2017.0,50.8112531456594
Eritrea,ERI,2017.0,73.159
Spain,ESP,2017.0,52.281
Estonia,EST,2017.0,57.006
Ethiopia,ETH,2017.0,66.108
European Union,EUU,2017.0,50.7052712896773
Fragile and conflict affected situations,FCS,2017.0,53.6294931714727
Finland,FIN,2017.0,55.027
Fiji,FJI,2017.0,38.501
France,FRA,2017.0,50.625
Gabon,GAB,2017.0,41.796
United Kingdom,GBR,2017.0,57.273
Georgia,GEO,2017.0,58.382
Ghana,GHA,2017.0,62.967
Guinea,GIN,2017.0,44.725
"Gambia, The",GMB,2017.0,44.498
Guinea-Bissau,GNB,2017.0,56.285
Equatorial Guinea,GNQ,2017.0,53.85
Greece,GRC,2017.0,43.828
Guatemala,GTM,2017.0,38.656
Guam,GUM,2017.0,56.404
Guyana,GUY,2017.0,43.543
High income,HIC,2017.0,53.210194928057
"Hong Kong SAR, China",HKG,2017.0,54.645
Honduras,HND,2017.0,45.758
Heavily indebted poor countries (HIPC),HPC,2017.0,59.0025493835559
Croatia,HRV,2017.0,45.236
Haiti,HTI,2017.0,62.02
Hungary,HUN,2017.0,51.062
IBRD only,IBD,2017.0,46.4333029895679
IDA & IBRD total,IBT,2017.0,47.2519118228944
IDA total,IDA,2017.0,50.1638978504008
IDA blend,IDB,2017.0,49.856462589568
Indonesia,IDN,2017.0,51.943
IDA only,IDX,2017.0,50.324381550919
India,IND,2017.0,26.578
Ireland,IRL,2017.0,55.589
"Iran, Islamic Rep.",IRN,2017.0,17.358
Iraq,IRQ,2017.0,11.334
Iceland,ISL,2017.0,72.592
Israel,ISR,2017.0,60.283
Italy,ITA,2017.0,40.578
Jamaica,JAM,2017.0,58.604
Jordan,JOR,2017.0,16.612
Japan,JPN,2017.0,51.031
Kazakhstan,KAZ,2017.0,65.018
Kenya,KEN,2017.0,68.685
Kyrgyz Republic,KGZ,2017.0,42.44
Cambodia,KHM,2017.0,76.417
"Korea, Rep.",KOR,2017.0,53.073
Kuwait,KWT,2017.0,49.868
Latin America & Caribbean (excluding high income),LAC,2017.0,51.6230931404152
Lao PDR,LAO,2017.0,56.02
Lebanon,LBN,2017.0,27.67
Liberia,LBR,2017.0,71.983
Libya,LBY,2017.0,34.08
St. Lucia,LCA,2017.0,63.695
Latin America & Caribbean,LCN,2017.0,51.2452858693284
Least developed countries: UN classification,LDC,2017.0,52.1029480516591
Low income,LIC,2017.0,52.6725378548855
Sri Lanka,LKA,2017.0,36.094
Lower middle income,LMC,2017.0,37.0787912081602
Low & middle income,LMY,2017.0,46.8312292801083
Lesotho,LSO,2017.0,51.753
Late-demographic dividend,LTE,2017.0,59.1368404834431
Lithuania,LTU,2017.0,55.821
Luxembourg,LUX,2017.0,54.011
Latvia,LVA,2017.0,55.064
"Macao SAR, China",MAC,2017.0,64.912
Morocco,MAR,2017.0,22.45
Moldova,MDA,2017.0,67.43
Madagascar,MDG,2017.0,83.044
Maldives,MDV,2017.0,39.781
"Middle East, North Africa, Afghanistan & Pakistan",MEA,2017.0,20.784490192352
Mexico,MEX,2017.0,43.627
Middle income,MIC,2017.0,46.4060862376462
North Macedonia,MKD,2017.0,41.241
Mali,MLI,2017.0,57.877
Malta,MLT,2017.0,46.159
Myanmar,MMR,2017.0,47.659
"Middle East, North Africa, Afghanistan & Pakistan (excluding high income)",MNA,2017.0,19.5012053950759
Montenegro,MNE,2017.0,45.296
Mongolia,MNG,2017.0,52.687
Mozambique,MOZ,2017.0,77.942
Mauritania,MRT,2017.0,26.215
Mauritius,MUS,2017.0,45.716
Malawi,MWI,2017.0,58.774
Malaysia,MYS,2017.0,51.285
North America,NAC,2017.0,56.8852455392197
Namibia,NAM,2017.0,55.436
New Caledonia,NCL,2017.0,55.488
Niger,NER,2017.0,60.962
Nigeria,NGA,2017.0,76.156
Nicaragua,NIC,2017.0,49.116
Netherlands,NLD,2017.0,60.887
Norway,NOR,2017.0,62.638
Nepal,NPL,2017.0,27.53
New Zealand,NZL,2017.0,64.928
OECD members,OED,2017.0,51.8971637440425
Oman,OMN,2017.0,30.484
Other small states,OSS,2017.0,49.2448093744498
Pakistan,PAK,2017.0,22.358
Panama,PAN,2017.0,52.246
Peru,PER,2017.0,69.388
Philippines,PHL,2017.0,45.045
Papua New Guinea,PNG,2017.0,49.297
Poland,POL,2017.0,49.757
Pre-demographic dividend,PRE,2017.0,60.9006029809026
Puerto Rico (US),PRI,2017.0,32.498
"Korea, Dem. People's Rep.",PRK,2017.0,77.622
Portugal,PRT,2017.0,54.028
Paraguay,PRY,2017.0,57.843
West Bank and Gaza,PSE,2017.0,17.665
Pacific island small states,PSS,2017.0,53.4464745127394
Post-demographic dividend,PST,2017.0,53.7080621741849
French Polynesia,PYF,2017.0,49.33
Qatar,QAT,2017.0,57.571
Romania,ROU,2017.0,43.175
Russian Federation,RUS,2017.0,55.335
Rwanda,RWA,2017.0,54.723
South Asia,SAS,2017.0,27.8235308429986
Saudi Arabia,SAU,2017.0,19.857
Sudan,SDN,2017.0,20.9
Senegal,SEN,2017.0,35.424
Singapore,SGP,2017.0,60.807
Solomon Islands,SLB,2017.0,82.401
Sierra Leone,SLE,2017.0,52.644
El Salvador,SLV,2017.0,45.154
"Somalia, Fed. Rep.",SOM,2017.0,21.007
Serbia,SRB,2017.0,46.067
Sub-Saharan Africa (excluding high income),SSA,2017.0,63.2735239434551
South Sudan,SSD,2017.0,71.24
Sub-Saharan Africa,SSF,2017.0,63.5644481434374
Small states,SST,2017.0,50.4736490269545
Sao Tome and Principe,STP,2017.0,22.955
Suriname,SUR,2017.0,45.334
Slovak Republic,SVK,2017.0,52.626
Slovenia,SVN,2017.0,53.539
Sweden,SWE,2017.0,61.036
Eswatini,SWZ,2017.0,47.016
Syrian Arab Republic,SYR,2017.0,12.939
Chad,TCD,2017.0,49.161
East Asia & Pacific (IDA & IBRD countries),TEA,2017.0,59.8883930271885
Europe & Central Asia (IDA & IBRD countries),TEC,2017.0,48.5063188275407
Togo,TGO,2017.0,55.738
Thailand,THA,2017.0,59.351
Tajikistan,TJK,2017.0,22.25
Turkmenistan,TKM,2017.0,39.089
Latin America & the Caribbean (IDA & IBRD countries),TLA,2017.0,51.4873411609278
Timor-Leste,TLS,2017.0,61.479
"Middle East, North Africa, Afghanistan & Pakistan (IDA & IBRD)",TMN,2017.0,19.5131426340615
Tonga,TON,2017.0,42.774
South Asia (IDA & IBRD),TSA,2017.0,27.8235308429986
Sub-Saharan Africa (IDA & IBRD countries),TSS,2017.0,63.5644481434374
Trinidad and Tobago,TTO,2017.0,51.621
Tunisia,TUN,2017.0,26.477
Turkiye,TUR,2017.0,33.533
Tanzania,TZA,2017.0,80.202
Uganda,UGA,2017.0,69.217
Ukraine,UKR,2017.0,49.785
Upper middle income,UMC,2017.0,54.7448335265151
Uruguay,URY,2017.0,56.059
United States,USA,2017.0,56.395
Uzbekistan,UZB,2017.0,39.652
St. Vincent and the Grenadines,VCT,2017.0,55.748
"Venezuela, RB",VEN,2017.0,46.185
Virgin Islands (U.S.),VIR,2017.0,56.528
Viet Nam,VNM,2017.0,72.575
Vanuatu,VUT,2017.0,54.838
World,WLD,2017.0,48.3737139576476
Samoa,WSM,2017.0,41.376
"Yemen, Rep.",YEM,2017.0,5.041
South Africa,ZAF,2017.0,48.632
Zambia,ZMB,2017.0,52.012
Zimbabwe,ZWE,2017.0,60.522
Africa Eastern and Southern,AFE,2018.0,61.2618358874407
Afghanistan,AFG,2018.0,19.805
Africa Western and Central,AFW,2018.0,65.8917145304178
Angola,AGO,2018.0,73.224
Albania,ALB,2018.0,51.406
Arab World,ARB,2018.0,18.8985863264177
United Arab Emirates,ARE,2018.0,51.312
Argentina,ARG,2018.0,49.146
Armenia,ARM,2018.0,53.631
Australia,AUS,2018.0,60.628
Austria,AUT,2018.0,55.426
Azerbaijan,AZE,2018.0,62.63
Burundi,BDI,2018.0,81.073
Belgium,BEL,2018.0,48.769
Benin,BEN,2018.0,73.755
Burkina Faso,BFA,2018.0,72.734
Bangladesh,BGD,2018.0,38.056
Bulgaria,BGR,2018.0,49.175
Bahrain,BHR,2018.0,43.209
"Bahamas, The",BHS,2018.0,71.023
Bosnia and Herzegovina,BIH,2018.0,38.384
Belarus,BLR,2018.0,58.081
Belize,BLZ,2018.0,54.103
Bolivia,BOL,2018.0,63.56
Brazil,BRA,2018.0,54.581
Barbados,BRB,2018.0,61.625
Brunei Darussalam,BRN,2018.0,57.72
Bhutan,BTN,2018.0,54.743
Botswana,BWA,2018.0,57.556
Central African Republic,CAF,2018.0,65.313
Canada,CAN,2018.0,60.965
Central Europe and the Baltics,CEB,2018.0,49.3521319289648
Switzerland,CHE,2018.0,63.007
Channel Islands,CHI,2018.0,51.305
Chile,CHL,2018.0,52.416
China,CHN,2018.0,61.585
Cote d'Ivoire,CIV,2018.0,56.841
Cameroon,CMR,2018.0,61.419
"Congo, Dem. Rep.",COD,2018.0,61.275
"Congo, Rep.",COG,2018.0,66.472
Colombia,COL,2018.0,53.244
Comoros,COM,2018.0,41.147
Cabo Verde,CPV,2018.0,48.62
Costa Rica,CRI,2018.0,48.659
Caribbean small states,CSS,2018.0,53.0431264714438
Cuba,CUB,2018.0,44.767
Cyprus,CYP,2018.0,59.627
Czechia,CZE,2018.0,52.559
Germany,DEU,2018.0,55.211
Djibouti,DJI,2018.0,18.34
Denmark,DNK,2018.0,57.649
Dominican Republic,DOM,2018.0,50.285
Algeria,DZA,2018.0,14.801
East Asia & Pacific (excluding high income),EAP,2018.0,60.0630901986516
Early-demographic dividend,EAR,2018.0,34.5762697110517
East Asia & Pacific,EAS,2018.0,59.3268263968999
Europe & Central Asia (excluding high income),ECA,2018.0,44.1969735256302
Europe & Central Asia,ECS,2018.0,50.5906111217756
Ecuador,ECU,2018.0,54.481
"Egypt, Arab Rep.",EGY,2018.0,18.415
Euro area,EMU,2018.0,50.9085737927019
Eritrea,ERI,2018.0,73.044
Spain,ESP,2018.0,51.873
Estonia,EST,2018.0,57.281
Ethiopia,ETH,2018.0,64.059
European Union,EUU,2018.0,50.8024288337289
Fragile and conflict affected situations,FCS,2018.0,53.2094751033114
Finland,FIN,2018.0,55.688
Fiji,FJI,2018.0,38.505
France,FRA,2018.0,50.813
Gabon,GAB,2018.0,41.909
United Kingdom,GBR,2018.0,57.525
Georgia,GEO,2018.0,55.742
Ghana,GHA,2018.0,61.516
Guinea,GIN,2018.0,43.497
"Gambia, The",GMB,2018.0,44.792
Guinea-Bissau,GNB,2018.0,56.399
Equatorial Guinea,GNQ,2018.0,53.911
Greece,GRC,2018.0,43.387
Guatemala,GTM,2018.0,38.408
Guam,GUM,2018.0,56.4
Guyana,GUY,2018.0,44.263
High income,HIC,2018.0,53.5055692761639
"Hong Kong SAR, China",HKG,2018.0,54.747
Honduras,HND,2018.0,50.022
Heavily indebted poor countries (HIPC),HPC,2018.0,58.5708378262226
Croatia,HRV,2018.0,45.012
Haiti,HTI,2018.0,62.139
Hungary,HUN,2018.0,51.527
IBRD only,IBD,2018.0,46.2878645286598
IDA & IBRD total,IBT,2018.0,47.1122937798797
IDA total,IDA,2018.0,50.002927000146
IDA blend,IDB,2018.0,49.4043268218828
Indonesia,IDN,2018.0,53.131
IDA only,IDX,2018.0,50.3145153270882
India,IND,2018.0,26.568
Ireland,IRL,2018.0,55.999
"Iran, Islamic Rep.",IRN,2018.0,17.341
Iraq,IRQ,2018.0,11.446
Iceland,ISL,2018.0,71.596
Israel,ISR,2018.0,60.857
Italy,ITA,2018.0,40.777
Jamaica,JAM,2018.0,58.309
Jordan,JOR,2018.0,14.649
Japan,JPN,2018.0,52.368
Kazakhstan,KAZ,2018.0,64.818
Kenya,KEN,2018.0,65.814
Kyrgyz Republic,KGZ,2018.0,44.016
Cambodia,KHM,2018.0,76.845
"Korea, Rep.",KOR,2018.0,53.224
Kuwait,KWT,2018.0,49.614
Latin America & Caribbean (excluding high income),LAC,2018.0,52.0029282826457
Lao PDR,LAO,2018.0,57.066
Lebanon,LBN,2018.0,28.47
Liberia,LBR,2018.0,72.024
Libya,LBY,2018.0,34.039
St. Lucia,LCA,2018.0,63.882
Latin America & Caribbean,LCN,2018.0,51.5981868332281
Least developed countries: UN classification,LDC,2018.0,52.1710919183271
Low income,LIC,2018.0,52.3725430270771
Sri Lanka,LKA,2018.0,33.105
Lower middle income,LMC,2018.0,37.0017313377425
Low & middle income,LMY,2018.0,46.7101018597699
Lesotho,LSO,2018.0,50.356
Late-demographic dividend,LTE,2018.0,58.9227607491681
Lithuania,LTU,2018.0,56.494
Luxembourg,LUX,2018.0,54.798
Latvia,LVA,2018.0,55.639
"Macao SAR, China",MAC,2018.0,64.995
Morocco,MAR,2018.0,22.23
Moldova,MDA,2018.0,66.419
Madagascar,MDG,2018.0,82.971
Maldives,MDV,2018.0,40.382
"Middle East, North Africa, Afghanistan & Pakistan",MEA,2018.0,19.9759665959993
Mexico,MEX,2018.0,44.134
Middle income,MIC,2018.0,46.2903297797767
North Macedonia,MKD,2018.0,41.277
Mali,MLI,2018.0,55.62
Malta,MLT,2018.0,48.214
Myanmar,MMR,2018.0,48.438
"Middle East, North Africa, Afghanistan & Pakistan (excluding high income)",MNA,2018.0,18.5420905376257
Montenegro,MNE,2018.0,45.52
Mongolia,MNG,2018.0,51.717
Mozambique,MOZ,2018.0,77.84
Mauritania,MRT,2018.0,26.234
Mauritius,MUS,2018.0,45.604
Malawi,MWI,2018.0,58.895
Malaysia,MYS,2018.0,51.625
North America,NAC,2018.0,56.945456268338
Namibia,NAM,2018.0,55.388
New Caledonia,NCL,2018.0,54.368
Niger,NER,2018.0,60.589
Nigeria,NGA,2018.0,76.355
Nicaragua,NIC,2018.0,48.852
Netherlands,NLD,2018.0,61.139
Norway,NOR,2018.0,62.625
Nepal,NPL,2018.0,27.628
New Zealand,NZL,2018.0,65.221
OECD members,OED,2018.0,52.1687073380081
Oman,OMN,2018.0,30.37
Other small states,OSS,2018.0,49.4388064038304
Pakistan,PAK,2018.0,21.571
Panama,PAN,2018.0,54.501
Peru,PER,2018.0,69.85
Philippines,PHL,2018.0,45.532
Papua New Guinea,PNG,2018.0,49.709
Poland,POL,2018.0,49.857
Pre-demographic dividend,PRE,2018.0,60.5889957100086
Puerto Rico (US),PRI,2018.0,32.997
"Korea, Dem. People's Rep.",PRK,2018.0,77.788
Portugal,PRT,2018.0,54.337
Paraguay,PRY,2018.0,59.414
West Bank and Gaza,PSE,2018.0,17.665
Pacific island small states,PSS,2018.0,53.4872020772252
Post-demographic dividend,PST,2018.0,53.9612533614026
French Polynesia,PYF,2018.0,49.253
Qatar,QAT,2018.0,58.369
Romania,ROU,2018.0,42.932
Russian Federation,RUS,2018.0,55.416
Rwanda,RWA,2018.0,54.156
South Asia,SAS,2018.0,27.9107474591322
Saudi Arabia,SAU,2018.0,21.824
Sudan,SDN,2018.0,19.704
Senegal,SEN,2018.0,36.353
Singapore,SGP,2018.0,60.889
Solomon Islands,SLB,2018.0,82.361
Sierra Leone,SLE,2018.0,51.415
El Salvador,SLV,2018.0,44.928
"Somalia, Fed. Rep.",SOM,2018.0,21.056
Serbia,SRB,2018.0,46.379
Sub-Saharan Africa (excluding high income),SSA,2018.0,62.9802383351315
South Sudan,SSD,2018.0,71.286
Sub-Saharan Africa,SSF,2018.0,63.0914640685788
Small states,SST,2018.0,50.7218655713212
Sao Tome and Principe,STP,2018.0,23.092
Suriname,SUR,2018.0,45.863
Slovak Republic,SVK,2018.0,52.241
Slovenia,SVN,2018.0,53.719
Sweden,SWE,2018.0,61.259
Eswatini,SWZ,2018.0,47.083
Syrian Arab Republic,SYR,2018.0,13.137
Chad,TCD,2018.0,48.501
East Asia & Pacific (IDA & IBRD countries),TEA,2018.0,59.830264932121
Europe & Central Asia (IDA & IBRD countries),TEC,2018.0,48.5124646499709
Togo,TGO,2018.0,55.799
Thailand,THA,2018.0,59.569
Tajikistan,TJK,2018.0,21.43
Turkmenistan,TKM,2018.0,38.933
Latin America & the Caribbean (IDA & IBRD countries),TLA,2018.0,51.8380702465177
Timor-Leste,TLS,2018.0,61.62
"Middle East, North Africa, Afghanistan & Pakistan (IDA & IBRD)",TMN,2018.0,18.5478328076139
Tonga,TON,2018.0,42.606
South Asia (IDA & IBRD),TSA,2018.0,27.9107474591322
Sub-Saharan Africa (IDA & IBRD countries),TSS,2018.0,63.0914640685788
Trinidad and Tobago,TTO,2018.0,51.338
Tunisia,TUN,2018.0,27.383
Turkiye,TUR,2018.0,34.115
Tanzania,TZA,2018.0,80.234
Uganda,UGA,2018.0,71.687
Ukraine,UKR,2018.0,49.498
Upper middle income,UMC,2018.0,54.6782535402675
Uruguay,URY,2018.0,55.954
United States,USA,2018.0,56.471
Uzbekistan,UZB,2018.0,39.739
St. Vincent and the Grenadines,VCT,2018.0,56.362
"Venezuela, RB",VEN,2018.0,44.85
Virgin Islands (U.S.),VIR,2018.0,52.911
Viet Nam,VNM,2018.0,72.897
Vanuatu,VUT,2018.0,54.395
World,WLD,2018.0,48.3048226894161
Samoa,WSM,2018.0,39.417
"Yemen, Rep.",YEM,2018.0,4.987
South Africa,ZAF,2018.0,48.518
Zambia,ZMB,2018.0,52.138
Zimbabwe,ZWE,2018.0,60.617
Africa Eastern and Southern,AFE,2019.0,60.6698092923716
Afghanistan,AFG,2019.0,18.298
Africa Western and Central,AFW,2019.0,65.661572505949
Angola,AGO,2019.0,72.985
Albania,ALB,2019.0,52.931
Arab World,ARB,2019.0,18.3085417594598
United Arab Emirates,ARE,2019.0,54.381
Argentina,ARG,2019.0,50.0
Armenia,ARM,2019.0,50.799
Australia,AUS,2019.0,61.031
Austria,AUT,2019.0,55.514
Azerbaijan,AZE,2019.0,62.441
Burundi,BDI,2019.0,80.888
Belgium,BEL,2019.0,49.097
Benin,BEN,2019.0,74.325
Burkina Faso,BFA,2019.0,72.467
Bangladesh,BGD,2019.0,39.33
Bulgaria,BGR,2019.0,50.385
Bahrain,BHR,2019.0,42.516
"Bahamas, The",BHS,2019.0,71.252
Bosnia and Herzegovina,BIH,2019.0,38.209
Belarus,BLR,2019.0,58.277
Belize,BLZ,2019.0,57.096
Bolivia,BOL,2019.0,66.243
Brazil,BRA,2019.0,55.306
Barbados,BRB,2019.0,61.588
Brunei Darussalam,BRN,2019.0,55.057
Bhutan,BTN,2019.0,60.631
Botswana,BWA,2019.0,58.044
Central African Republic,CAF,2019.0,65.359
Canada,CAN,2019.0,61.253
Central Europe and the Baltics,CEB,2019.0,49.300550105945
Switzerland,CHE,2019.0,63.079
Channel Islands,CHI,2019.0,51.31
Chile,CHL,2019.0,52.651
China,CHN,2019.0,61.305
Cote d'Ivoire,CIV,2019.0,56.176
Cameroon,CMR,2019.0,60.035
"Congo, Dem. Rep.",COD,2019.0,61.038
"Congo, Rep.",COG,2019.0,66.513
Colombia,COL,2019.0,52.398
Comoros,COM,2019.0,43.318
Cabo Verde,CPV,2019.0,50.407
Costa Rica,CRI,2019.0,52.726
Caribbean small states,CSS,2019.0,52.7031573868595
Cuba,CUB,2019.0,44.687
Cyprus,CYP,2019.0,60.096
Czechia,CZE,2019.0,52.3
Germany,DEU,2019.0,55.709
Djibouti,DJI,2019.0,18.531
Denmark,DNK,2019.0,58.06
Dominican Republic,DOM,2019.0,52.542
Algeria,DZA,2019.0,14.677
East Asia & Pacific (excluding high income),EAP,2019.0,59.8804331153185
Early-demographic dividend,EAR,2019.0,34.694704017229
East Asia & Pacific,EAS,2019.0,59.2434950535024
Europe & Central Asia (excluding high income),ECA,2019.0,44.1077865357059
Europe & Central Asia,ECS,2019.0,50.5703938826072
Ecuador,ECU,2019.0,54.402
"Egypt, Arab Rep.",EGY,2019.0,15.859
Euro area,EMU,2019.0,51.1086042152201
Eritrea,ERI,2019.0,72.929
Spain,ESP,2019.0,52.039
Estonia,EST,2019.0,57.34
Ethiopia,ETH,2019.0,62.001
European Union,EUU,2019.0,50.9563983949262
Fragile and conflict affected situations,FCS,2019.0,52.5566485467257
Finland,FIN,2019.0,55.677
Fiji,FJI,2019.0,38.526
France,FRA,2019.0,50.615
Gabon,GAB,2019.0,41.994
United Kingdom,GBR,2019.0,58.037
Georgia,GEO,2019.0,54.716
Ghana,GHA,2019.0,60.063
Guinea,GIN,2019.0,42.271
"Gambia, The",GMB,2019.0,45.017
Guinea-Bissau,GNB,2019.0,56.063
Equatorial Guinea,GNQ,2019.0,53.931
Greece,GRC,2019.0,43.513
Guatemala,GTM,2019.0,37.107
Guam,GUM,2019.0,56.497
Guyana,GUY,2019.0,41.347
High income,HIC,2019.0,53.8018629528811
"Hong Kong SAR, China",HKG,2019.0,54.51
Honduras,HND,2019.0,44.526
Heavily indebted poor countries (HIPC),HPC,2019.0,57.9492736696254
Croatia,HRV,2019.0,44.78
Haiti,HTI,2019.0,61.952
Hungary,HUN,2019.0,51.339
IBRD only,IBD,2019.0,46.1449611546806
IDA & IBRD total,IBT,2019.0,47.0135492896356
IDA total,IDA,2019.0,50.0134681698637
IDA blend,IDB,2019.0,49.8872275929028
Indonesia,IDN,2019.0,53.949
IDA only,IDX,2019.0,50.07897724066
India,IND,2019.0,26.539
Ireland,IRL,2019.0,56.207
"Iran, Islamic Rep.",IRN,2019.0,16.812
Iraq,IRQ,2019.0,11.582
Iceland,ISL,2019.0,71.457
Israel,ISR,2019.0,60.618
Italy,ITA,2019.0,40.908
Jamaica,JAM,2019.0,59.835
Jordan,JOR,2019.0,13.685
Japan,JPN,2019.0,53.24
Kazakhstan,KAZ,2019.0,64.661
Kenya,KEN,2019.0,62.817
Kyrgyz Republic,KGZ,2019.0,44.04
Cambodia,KHM,2019.0,77.289
"Korea, Rep.",KOR,2019.0,53.772
Kuwait,KWT,2019.0,49.32
Latin America & Caribbean (excluding high income),LAC,2019.0,52.5920683159216
Lao PDR,LAO,2019.0,58.125
Lebanon,LBN,2019.0,29.286
Liberia,LBR,2019.0,72.08
Libya,LBY,2019.0,33.993
St. Lucia,LCA,2019.0,64.312
Latin America & Caribbean,LCN,2019.0,52.0805413223399
Least developed countries: UN classification,LDC,2019.0,52.0105982774283
Low income,LIC,2019.0,52.0324372323567
Sri Lanka,LKA,2019.0,34.051
Lower middle income,LMC,2019.0,37.0198929089145
Low & middle income,LMY,2019.0,46.6588336733352
Lesotho,LSO,2019.0,48.958
Late-demographic dividend,LTE,2019.0,58.7099540739722
Lithuania,LTU,2019.0,57.226
Luxembourg,LUX,2019.0,54.933
Latvia,LVA,2019.0,55.474
"Macao SAR, China",MAC,2019.0,64.713
Morocco,MAR,2019.0,21.999
Moldova,MDA,2019.0,68.337
Madagascar,MDG,2019.0,82.916
Maldives,MDV,2019.0,40.76
"Middle East, North Africa, Afghanistan & Pakistan",MEA,2019.0,20.0458350911069
Mexico,MEX,2019.0,45.573
Middle income,MIC,2019.0,46.2525362391608
North Macedonia,MKD,2019.0,42.856
Mali,MLI,2019.0,53.387
Malta,MLT,2019.0,49.326
Myanmar,MMR,2019.0,46.289
"Middle East, North Africa, Afghanistan & Pakistan (excluding high income)",MNA,2019.0,18.4953207554151
Montenegro,MNE,2019.0,46.888
Mongolia,MNG,2019.0,57.902
Mozambique,MOZ,2019.0,77.735
Mauritania,MRT,2019.0,26.263
Mauritius,MUS,2019.0,46.423
Malawi,MWI,2019.0,59.03
Malaysia,MYS,2019.0,51.783
North America,NAC,2019.0,57.3346190905226
Namibia,NAM,2019.0,55.322
New Caledonia,NCL,2019.0,53.254
Niger,NER,2019.0,60.214
Nigeria,NGA,2019.0,76.597
Nicaragua,NIC,2019.0,48.634
Netherlands,NLD,2019.0,61.656
Norway,NOR,2019.0,62.64
Nepal,NPL,2019.0,27.537
New Zealand,NZL,2019.0,65.314
OECD members,OED,2019.0,52.565010533522
Oman,OMN,2019.0,30.19
Other small states,OSS,2019.0,50.1267476289484
Pakistan,PAK,2019.0,23.241
Panama,PAN,2019.0,56.345
Peru,PER,2019.0,70.044
Philippines,PHL,2019.0,46.566
Papua New Guinea,PNG,2019.0,49.962
Poland,POL,2019.0,49.596
Pre-demographic dividend,PRE,2019.0,60.3076782755312
Puerto Rico (US),PRI,2019.0,33.291
"Korea, Dem. People's Rep.",PRK,2019.0,77.787
Portugal,PRT,2019.0,54.511
Paraguay,PRY,2019.0,60.256
West Bank and Gaza,PSE,2019.0,18.383
Pacific island small states,PSS,2019.0,53.4991348089838
Post-demographic dividend,PST,2019.0,54.3248552799796
French Polynesia,PYF,2019.0,49.219
Qatar,QAT,2019.0,59.083
Romania,ROU,2019.0,42.958
Russian Federation,RUS,2019.0,54.794
Rwanda,RWA,2019.0,51.87
South Asia,SAS,2019.0,28.0294677656731
Saudi Arabia,SAU,2019.0,24.365
Sudan,SDN,2019.0,18.466
Senegal,SEN,2019.0,37.308
Singapore,SGP,2019.0,61.822
Solomon Islands,SLB,2019.0,82.367
Sierra Leone,SLE,2019.0,51.584
El Salvador,SLV,2019.0,45.983
"Somalia, Fed. Rep.",SOM,2019.0,21.094
Serbia,SRB,2019.0,46.746
Sub-Saharan Africa (excluding high income),SSA,2019.0,62.7125253836588
South Sudan,SSD,2019.0,71.68
Sub-Saharan Africa,SSF,2019.0,62.6388905437086
Small states,SST,2019.0,51.0945323476456
Sao Tome and Principe,STP,2019.0,23.25
Suriname,SUR,2019.0,46.005
Slovak Republic,SVK,2019.0,52.171
Slovenia,SVN,2019.0,53.382
Sweden,SWE,2019.0,61.315
Eswatini,SWZ,2019.0,47.158
Syrian Arab Republic,SYR,2019.0,13.39
Chad,TCD,2019.0,48.531
East Asia & Pacific (IDA & IBRD countries),TEA,2019.0,59.6459196652863
Europe & Central Asia (IDA & IBRD countries),TEC,2019.0,48.237366823499
Togo,TGO,2019.0,55.867
Thailand,THA,2019.0,58.9
Tajikistan,TJK,2019.0,20.681
Turkmenistan,TKM,2019.0,38.788
Latin America & the Caribbean (IDA & IBRD countries),TLA,2019.0,52.331706135581
Timor-Leste,TLS,2019.0,61.034
"Middle East, North Africa, Afghanistan & Pakistan (IDA & IBRD)",TMN,2019.0,18.4960609602807
Tonga,TON,2019.0,42.647
South Asia (IDA & IBRD),TSA,2019.0,28.0294677656731
Sub-Saharan Africa (IDA & IBRD countries),TSS,2019.0,62.6388905437086
Trinidad and Tobago,TTO,2019.0,51.033
Tunisia,TUN,2019.0,28.272
Turkiye,TUR,2019.0,34.289
Tanzania,TZA,2019.0,80.265
Uganda,UGA,2019.0,73.85
Ukraine,UKR,2019.0,49.214
Upper middle income,UMC,2019.0,54.671881825819
Uruguay,URY,2019.0,56.002
United States,USA,2019.0,56.868
Uzbekistan,UZB,2019.0,39.89
St. Vincent and the Grenadines,VCT,2019.0,56.844
"Venezuela, RB",VEN,2019.0,42.344
Virgin Islands (U.S.),VIR,2019.0,50.563
Viet Nam,VNM,2019.0,71.511
Vanuatu,VUT,2019.0,53.95
World,WLD,2019.0,48.2843403158836
Samoa,WSM,2019.0,37.466
"Yemen, Rep.",YEM,2019.0,4.937
South Africa,ZAF,2019.0,48.579
Zambia,ZMB,2019.0,52.172
Zimbabwe,ZWE,2019.0,60.719
Africa Eastern and Southern,AFE,2020.0,59.4336814464777
Afghanistan,AFG,2020.0,16.474
Africa Western and Central,AFW,2020.0,64.3710758149085
Angola,AGO,2020.0,71.342
Albania,ALB,2020.0,52.252
Arab World,ARB,2020.0,17.617049774581
United Arab Emirates,ARE,2020.0,58.18
Argentina,ARG,2020.0,46.486
Armenia,ARM,2020.0,54.317
Australia,AUS,2020.0,60.136
Austria,AUT,2020.0,55.224
Azerbaijan,AZE,2020.0,64.382
Burundi,BDI,2020.0,78.558
Belgium,BEL,2020.0,48.659
Benin,BEN,2020.0,73.587
Burkina Faso,BFA,2020.0,69.457
Bangladesh,BGD,2020.0,40.323
Bulgaria,BGR,2020.0,49.517
Bahrain,BHR,2020.0,41.047
"Bahamas, The",BHS,2020.0,65.17
Bosnia and Herzegovina,BIH,2020.0,37.115
Belarus,BLR,2020.0,57.884
Belize,BLZ,2020.0,41.478
Bolivia,BOL,2020.0,65.02
Brazil,BRA,2020.0,50.338
Barbados,BRB,2020.0,59.687
Brunei Darussalam,BRN,2020.0,54.472
Bhutan,BTN,2020.0,63.002
Botswana,BWA,2020.0,56.142
Central African Republic,CAF,2020.0,64.776
Canada,CAN,2020.0,59.379
Central Europe and the Baltics,CEB,2020.0,48.9935911493099
Switzerland,CHE,2020.0,62.636
Channel Islands,CHI,2020.0,50.528
Chile,CHL,2020.0,45.442
China,CHN,2020.0,59.711
Cote d'Ivoire,CIV,2020.0,56.484
Cameroon,CMR,2020.0,58.059
"Congo, Dem. Rep.",COD,2020.0,60.259
"Congo, Rep.",COG,2020.0,63.276
Colombia,COL,2020.0,51.108
Comoros,COM,2020.0,44.892
Cabo Verde,CPV,2020.0,46.76
Costa Rica,CRI,2020.0,48.644
Caribbean small states,CSS,2020.0,48.7025489018963
Cuba,CUB,2020.0,42.291
Cyprus,CYP,2020.0,59.05
Czechia,CZE,2020.0,51.463
Germany,DEU,2020.0,55.113
Djibouti,DJI,2020.0,18.264
Denmark,DNK,2020.0,57.886
Dominican Republic,DOM,2020.0,47.412
Algeria,DZA,2020.0,13.206
East Asia & Pacific (excluding high income),EAP,2020.0,58.3387327461085
Early-demographic dividend,EAR,2020.0,33.4757918212212
East Asia & Pacific,EAS,2020.0,57.8451867787979
Europe & Central Asia (excluding high income),ECA,2020.0,42.5272725421191
Europe & Central Asia,ECS,2020.0,49.8192034299814
Ecuador,ECU,2020.0,48.241
"Egypt, Arab Rep.",EGY,2020.0,14.609
Euro area,EMU,2020.0,50.3555893988266
Eritrea,ERI,2020.0,71.989
Spain,ESP,2020.0,50.922
Estonia,EST,2020.0,57.133
Ethiopia,ETH,2020.0,59.297
European Union,EUU,2020.0,50.2947202876465
Fragile and conflict affected situations,FCS,2020.0,51.0112120980625
Finland,FIN,2020.0,55.175
Fiji,FJI,2020.0,36.179
France,FRA,2020.0,50.05
Gabon,GAB,2020.0,39.063
United Kingdom,GBR,2020.0,58.277
Georgia,GEO,2020.0,55.206
Ghana,GHA,2020.0,57.957
Guinea,GIN,2020.0,41.854
"Gambia, The",GMB,2020.0,44.823
Guinea-Bissau,GNB,2020.0,56.768
Equatorial Guinea,GNQ,2020.0,50.146
Greece,GRC,2020.0,42.721
Guatemala,GTM,2020.0,38.299
Guam,GUM,2020.0,53.58
Guyana,GUY,2020.0,40.299
High income,HIC,2020.0,53.1263535929613
"Hong Kong SAR, China",HKG,2020.0,53.728
Honduras,HND,2020.0,47.039
Heavily indebted poor countries (HIPC),HPC,2020.0,57.1146123822701
Croatia,HRV,2020.0,44.447
Haiti,HTI,2020.0,61.366
Hungary,HUN,2020.0,51.34
IBRD only,IBD,2020.0,44.4548232886122
IDA & IBRD total,IBT,2020.0,45.5934920992222
IDA total,IDA,2020.0,49.4651151428102
IDA blend,IDB,2020.0,49.1972397457984
Indonesia,IDN,2020.0,53.203
IDA only,IDX,2020.0,49.6038093562406
India,IND,2020.0,25.998
Ireland,IRL,2020.0,55.055
"Iran, Islamic Rep.",IRN,2020.0,13.723
Iraq,IRQ,2020.0,10.885
Iceland,ISL,2020.0,69.309
Israel,ISR,2020.0,59.403
Italy,ITA,2020.0,39.501
Jamaica,JAM,2020.0,57.579
Jordan,JOR,2020.0,14.975
Japan,JPN,2020.0,53.09
Kazakhstan,KAZ,2020.0,63.607
Kenya,KEN,2020.0,62.167
Kyrgyz Republic,KGZ,2020.0,43.877
Cambodia,KHM,2020.0,77.09
"Korea, Rep.",KOR,2020.0,53.137
Kuwait,KWT,2020.0,46.538
Latin America & Caribbean (excluding high income),LAC,2020.0,48.5519551668175
Lao PDR,LAO,2020.0,58.68
Lebanon,LBN,2020.0,25.944
Liberia,LBR,2020.0,71.393
Libya,LBY,2020.0,31.009
St. Lucia,LCA,2020.0,49.331
Latin America & Caribbean,LCN,2020.0,47.9649197766993
Least developed countries: UN classification,LDC,2020.0,51.5886278936304
Low income,LIC,2020.0,51.4431365311419
Sri Lanka,LKA,2020.0,31.663
Lower middle income,LMC,2020.0,36.3029487988934
Low & middle income,LMY,2020.0,45.2437864088649
Lesotho,LSO,2020.0,48.489
Late-demographic dividend,LTE,2020.0,56.9949747694025
Lithuania,LTU,2020.0,57.363
Luxembourg,LUX,2020.0,55.927
Latvia,LVA,2020.0,55.844
"Macao SAR, China",MAC,2020.0,63.655
Morocco,MAR,2020.0,20.688
Moldova,MDA,2020.0,68.085
Madagascar,MDG,2020.0,82.152
Maldives,MDV,2020.0,37.104
"Middle East, North Africa, Afghanistan & Pakistan",MEA,2020.0,19.2557433194363
Mexico,MEX,2020.0,41.704
Middle income,MIC,2020.0,44.7659506145011
North Macedonia,MKD,2020.0,41.861
Mali,MLI,2020.0,50.63
Malta,MLT,2020.0,51.25
Myanmar,MMR,2020.0,44.726
"Middle East, North Africa, Afghanistan & Pakistan (excluding high income)",MNA,2020.0,17.4525668795672
Montenegro,MNE,2020.0,43.343
Mongolia,MNG,2020.0,56.048
Mozambique,MOZ,2020.0,76.87
Mauritania,MRT,2020.0,25.873
Mauritius,MUS,2020.0,43.111
Malawi,MWI,2020.0,63.125
Malaysia,MYS,2020.0,51.371
North America,NAC,2020.0,56.0969854796262
Namibia,NAM,2020.0,52.45
New Caledonia,NCL,2020.0,53.377
Niger,NER,2020.0,63.669
Nigeria,NGA,2020.0,74.894
Nicaragua,NIC,2020.0,48.119
Netherlands,NLD,2020.0,61.776
Norway,NOR,2020.0,62.481
Nepal,NPL,2020.0,27.209
New Zealand,NZL,2020.0,64.693
OECD members,OED,2020.0,51.2721210114583
Oman,OMN,2020.0,29.074
Other small states,OSS,2020.0,49.1818850081748
Pakistan,PAK,2020.0,23.406
Panama,PAN,2020.0,55.932
Peru,PER,2020.0,59.864
Philippines,PHL,2020.0,42.675
Papua New Guinea,PNG,2020.0,49.809
Poland,POL,2020.0,49.333
Pre-demographic dividend,PRE,2020.0,59.425344537666
Puerto Rico (US),PRI,2020.0,33.797
"Korea, Dem. People's Rep.",PRK,2020.0,76.306
Portugal,PRT,2020.0,53.157
Paraguay,PRY,2020.0,57.105
West Bank and Gaza,PSE,2020.0,16.431
Pacific island small states,PSS,2020.0,52.1253967670527
Post-demographic dividend,PST,2020.0,53.5465659460815
French Polynesia,PYF,2020.0,48.347
Qatar,QAT,2020.0,59.452
Romania,ROU,2020.0,42.742
Russian Federation,RUS,2020.0,54.63
Rwanda,RWA,2020.0,56.652
South Asia,SAS,2020.0,27.6197298280335
Saudi Arabia,SAU,2020.0,29.308
Sudan,SDN,2020.0,17.008
Senegal,SEN,2020.0,37.075
Singapore,SGP,2020.0,61.72
Solomon Islands,SLB,2020.0,81.602
Sierra Leone,SLE,2020.0,51.093
El Salvador,SLV,2020.0,43.207
"Somalia, Fed. Rep.",SOM,2020.0,20.892
Serbia,SRB,2020.0,46.159
Sub-Saharan Africa (excluding high income),SSA,2020.0,61.6198288605622
South Sudan,SSD,2020.0,70.996
Sub-Saharan Africa,SSF,2020.0,61.3785809186593
Small states,SST,2020.0,49.3873225613268
Sao Tome and Principe,STP,2020.0,22.649
Suriname,SUR,2020.0,42.93
Slovak Republic,SVK,2020.0,51.796
Slovenia,SVN,2020.0,53.105
Sweden,SWE,2020.0,60.587
Eswatini,SWZ,2020.0,46.452
Syrian Arab Republic,SYR,2020.0,12.668
Chad,TCD,2020.0,48.067
East Asia & Pacific (IDA & IBRD countries),TEA,2020.0,58.1044101873648
Europe & Central Asia (IDA & IBRD countries),TEC,2020.0,47.3108079941856
Togo,TGO,2020.0,55.335
Thailand,THA,2020.0,59.106
Tajikistan,TJK,2020.0,20.487
Turkmenistan,TKM,2020.0,37.61
Latin America & the Caribbean (IDA & IBRD countries),TLA,2020.0,48.1513843569585
Timor-Leste,TLS,2020.0,60.457
"Middle East, North Africa, Afghanistan & Pakistan (IDA & IBRD)",TMN,2020.0,17.4593515315983
Tonga,TON,2020.0,42.28
South Asia (IDA & IBRD),TSA,2020.0,27.6197298280335
Sub-Saharan Africa (IDA & IBRD countries),TSS,2020.0,61.3785809186593
Trinidad and Tobago,TTO,2020.0,49.325
Tunisia,TUN,2020.0,26.274
Turkiye,TUR,2020.0,30.83
Tanzania,TZA,2020.0,79.344
Uganda,UGA,2020.0,73.976
Ukraine,UKR,2020.0,48.1
Upper middle income,UMC,2020.0,52.5620509578467
Uruguay,URY,2020.0,54.231
United States,USA,2020.0,55.704
Uzbekistan,UZB,2020.0,39.097
St. Vincent and the Grenadines,VCT,2020.0,56.109
"Venezuela, RB",VEN,2020.0,36.887
Virgin Islands (U.S.),VIR,2020.0,50.614
Viet Nam,VNM,2020.0,69.095
Vanuatu,VUT,2020.0,53.445
World,WLD,2020.0,46.9801551174139
Samoa,WSM,2020.0,35.207
"Yemen, Rep.",YEM,2020.0,4.899
South Africa,ZAF,2020.0,44.148
Zambia,ZMB,2020.0,54.406
Zimbabwe,ZWE,2020.0,59.43
Africa Eastern and Southern,AFE,2021.0,59.4544572511058
Afghanistan,AFG,2021.0,14.616
Africa Western and Central,AFW,2021.0,65.0587604739967
Angola,AGO,2021.0,74.695
Albania,ALB,2021.0,52.523
Arab World,ARB,2021.0,17.8515695449822
United Arab Emirates,ARE,2021.0,50.452
Argentina,ARG,2021.0,50.26
Armenia,ARM,2021.0,55.118
Australia,AUS,2021.0,61.516
Austria,AUT,2021.0,55.35
Azerbaijan,AZE,2021.0,61.174
Burundi,BDI,2021.0,80.488
Belgium,BEL,2021.0,49.367
Benin,BEN,2021.0,74.754
Burkina Faso,BFA,2021.0,67.668
Bangladesh,BGD,2021.0,42.181
Bulgaria,BGR,2021.0,49.193
Bahrain,BHR,2021.0,41.196
"Bahamas, The",BHS,2021.0,66.863
Bosnia and Herzegovina,BIH,2021.0,37.416
Belarus,BLR,2021.0,58.024
Belize,BLZ,2021.0,46.813
Bolivia,BOL,2021.0,71.057
Brazil,BRA,2021.0,52.482
Barbados,BRB,2021.0,58.963
Brunei Darussalam,BRN,2021.0,54.791
Bhutan,BTN,2021.0,64.902
Botswana,BWA,2021.0,58.943
Central African Republic,CAF,2021.0,64.799
Canada,CAN,2021.0,60.634
Central Europe and the Baltics,CEB,2021.0,49.8629579860181
Switzerland,CHE,2021.0,62.631
Channel Islands,CHI,2021.0,50.885
Chile,CHL,2021.0,46.579
China,CHN,2021.0,61.182
Cote d'Ivoire,CIV,2021.0,57.846
Cameroon,CMR,2021.0,57.093
"Congo, Dem. Rep.",COD,2021.0,60.48
"Congo, Rep.",COG,2021.0,64.018
Colombia,COL,2021.0,51.679
Comoros,COM,2021.0,47.073
Cabo Verde,CPV,2021.0,47.643
Costa Rica,CRI,2021.0,50.251
Caribbean small states,CSS,2021.0,49.7816508942659
Cuba,CUB,2021.0,42.429
Cyprus,CYP,2021.0,59.534
Czechia,CZE,2021.0,51.555
Germany,DEU,2021.0,55.018
Djibouti,DJI,2021.0,18.537
Denmark,DNK,2021.0,58.161
Dominican Republic,DOM,2021.0,51.06
Algeria,DZA,2021.0,13.433
East Asia & Pacific (excluding high income),EAP,2021.0,59.1581022772559
Early-demographic dividend,EAR,2021.0,34.6112771644715
East Asia & Pacific,EAS,2021.0,58.6332731427544
Europe & Central Asia (excluding high income),ECA,2021.0,43.087070587688
Europe & Central Asia,ECS,2021.0,50.3583974435498
Ecuador,ECU,2021.0,53.63
"Egypt, Arab Rep.",EGY,2021.0,15.59
Euro area,EMU,2021.0,51.0355798004986
Eritrea,ERI,2021.0,72.622
Spain,ESP,2021.0,52.177
Estonia,EST,2021.0,57.777
Ethiopia,ETH,2021.0,57.555
European Union,EUU,2021.0,50.9889401157023
Fragile and conflict affected situations,FCS,2021.0,50.8025391394096
Finland,FIN,2021.0,55.927
Fiji,FJI,2021.0,36.55
France,FRA,2021.0,51.605
Gabon,GAB,2021.0,39.763
United Kingdom,GBR,2021.0,58.02
Georgia,GEO,2021.0,53.055
Ghana,GHA,2021.0,56.85
Guinea,GIN,2021.0,41.989
"Gambia, The",GMB,2021.0,44.967
Guinea-Bissau,GNB,2021.0,58.375
Equatorial Guinea,GNQ,2021.0,50.951
Greece,GRC,2021.0,43.261
Guatemala,GTM,2021.0,42.496
Guam,GUM,2021.0,54.128
Guyana,GUY,2021.0,40.752
High income,HIC,2021.0,53.5717057317729
"Hong Kong SAR, China",HKG,2021.0,53.718
Honduras,HND,2021.0,48.071
Heavily indebted poor countries (HIPC),HPC,2021.0,57.0016757462526
Croatia,HRV,2021.0,45.869
Haiti,HTI,2021.0,62.099
Hungary,HUN,2021.0,52.211
IBRD only,IBD,2021.0,45.6959224899519
IDA & IBRD total,IBT,2021.0,46.624988909877
IDA total,IDA,2021.0,49.7325854938438
IDA blend,IDB,2021.0,50.0770691221338
Indonesia,IDN,2021.0,52.069
IDA only,IDX,2021.0,49.554350559108
India,IND,2021.0,27.724
Ireland,IRL,2021.0,57.851
"Iran, Islamic Rep.",IRN,2021.0,13.086
Iraq,IRQ,2021.0,10.902
Iceland,ISL,2021.0,69.148
Israel,ISR,2021.0,59.696
Italy,ITA,2021.0,39.884
Jamaica,JAM,2021.0,58.395
Jordan,JOR,2021.0,13.964
Japan,JPN,2021.0,53.46
Kazakhstan,KAZ,2021.0,64.068
Kenya,KEN,2021.0,62.668
Kyrgyz Republic,KGZ,2021.0,43.997
Cambodia,KHM,2021.0,73.711
"Korea, Rep.",KOR,2021.0,53.65
Kuwait,KWT,2021.0,47.507
Latin America & Caribbean (excluding high income),LAC,2021.0,51.1579741460821
Lao PDR,LAO,2021.0,60.323
Lebanon,LBN,2021.0,23.882
Liberia,LBR,2021.0,71.703
Libya,LBY,2021.0,31.353
St. Lucia,LCA,2021.0,60.375
Latin America & Caribbean,LCN,2021.0,50.3522034147235
Least developed countries: UN classification,LDC,2021.0,51.6596721511452
Low income,LIC,2021.0,51.2927084222219
Sri Lanka,LKA,2021.0,31.329
Lower middle income,LMC,2021.0,37.5553474049098
Low & middle income,LMY,2021.0,46.3355725822712
Lesotho,LSO,2021.0,48.252
Late-demographic dividend,LTE,2021.0,58.1622540326634
Lithuania,LTU,2021.0,57.369
Luxembourg,LUX,2021.0,56.929
Latvia,LVA,2021.0,54.167
"Macao SAR, China",MAC,2021.0,64.072
Morocco,MAR,2021.0,20.697
Moldova,MDA,2021.0,70.665
Madagascar,MDG,2021.0,82.807
Maldives,MDV,2021.0,37.995
"Middle East, North Africa, Afghanistan & Pakistan",MEA,2021.0,19.5883594650344
Mexico,MEX,2021.0,44.615
Middle income,MIC,2021.0,45.9463482491274
North Macedonia,MKD,2021.0,40.931
Mali,MLI,2021.0,52.981
Malta,MLT,2021.0,52.216
Myanmar,MMR,2021.0,41.042
"Middle East, North Africa, Afghanistan & Pakistan (excluding high income)",MNA,2021.0,17.7364285995514
Montenegro,MNE,2021.0,41.433
Mongolia,MNG,2021.0,53.158
Mozambique,MOZ,2021.0,76.785
Mauritania,MRT,2021.0,26.069
Mauritius,MUS,2021.0,40.56
Malawi,MWI,2021.0,58.786
Malaysia,MYS,2021.0,51.371
North America,NAC,2021.0,56.1680354650022
Namibia,NAM,2021.0,53.111
New Caledonia,NCL,2021.0,52.953
Niger,NER,2021.0,67.799
Nigeria,NGA,2021.0,75.893
Nicaragua,NIC,2021.0,49.078
Netherlands,NLD,2021.0,61.894
Norway,NOR,2021.0,62.182
Nepal,NPL,2021.0,27.256
New Zealand,NZL,2021.0,65.596
OECD members,OED,2021.0,51.9819303117393
Oman,OMN,2021.0,29.564
Other small states,OSS,2021.0,49.3857960198844
Pakistan,PAK,2021.0,24.365
Panama,PAN,2021.0,48.894
Peru,PER,2021.0,64.845
Philippines,PHL,2021.0,44.203
Papua New Guinea,PNG,2021.0,50.567
Poland,POL,2021.0,50.969
Pre-demographic dividend,PRE,2021.0,59.8792763531129
Puerto Rico (US),PRI,2021.0,35.6
"Korea, Dem. People's Rep.",PRK,2021.0,76.483
Portugal,PRT,2021.0,52.886
Paraguay,PRY,2021.0,59.85
West Bank and Gaza,PSE,2021.0,17.545
Pacific island small states,PSS,2021.0,52.6959029087015
Post-demographic dividend,PST,2021.0,53.8639869374671
French Polynesia,PYF,2021.0,48.267
Qatar,QAT,2021.0,60.582
Romania,ROU,2021.0,42.751
Russian Federation,RUS,2021.0,55.132
Rwanda,RWA,2021.0,52.58
South Asia,SAS,2021.0,29.2936701917322
Saudi Arabia,SAU,2021.0,34.218
Sudan,SDN,2021.0,15.807
Senegal,SEN,2021.0,37.707
Singapore,SGP,2021.0,64.409
Solomon Islands,SLB,2021.0,82.26
Sierra Leone,SLE,2021.0,51.472
El Salvador,SLV,2021.0,45.217
"Somalia, Fed. Rep.",SOM,2021.0,20.933
Serbia,SRB,2021.0,49.002
Sub-Saharan Africa (excluding high income),SSA,2021.0,62.1377095962314
South Sudan,SSD,2021.0,71.344
Sub-Saharan Africa,SSF,2021.0,61.6602889856901
Small states,SST,2021.0,49.8367135542283
Sao Tome and Principe,STP,2021.0,22.936
Suriname,SUR,2021.0,43.581
Slovak Republic,SVK,2021.0,54.62
Slovenia,SVN,2021.0,53.467
Sweden,SWE,2021.0,60.704
Eswatini,SWZ,2021.0,46.901
Syrian Arab Republic,SYR,2021.0,12.824
Chad,TCD,2021.0,48.119
East Asia & Pacific (IDA & IBRD countries),TEA,2021.0,58.9332051812537
Europe & Central Asia (IDA & IBRD countries),TEC,2021.0,47.8884648573847
Togo,TGO,2021.0,55.664
Thailand,THA,2021.0,59.18
Tajikistan,TJK,2021.0,20.592
Turkmenistan,TKM,2021.0,37.839
Latin America & the Caribbean (IDA & IBRD countries),TLA,2021.0,50.5840329987644
Timor-Leste,TLS,2021.0,61.212
"Middle East, North Africa, Afghanistan & Pakistan (IDA & IBRD)",TMN,2021.0,17.7377104892209
Tonga,TON,2021.0,42.596
South Asia (IDA & IBRD),TSA,2021.0,29.2936701917322
Sub-Saharan Africa (IDA & IBRD countries),TSS,2021.0,61.6602889856901
Trinidad and Tobago,TTO,2021.0,48.879
Tunisia,TUN,2021.0,26.698
Turkiye,TUR,2021.0,32.774
Tanzania,TZA,2021.0,80.425
Uganda,UGA,2021.0,74.672
Ukraine,UKR,2021.0,47.738
Upper middle income,UMC,2021.0,53.7510917124534
Uruguay,URY,2021.0,56.034
United States,USA,2021.0,55.632
Uzbekistan,UZB,2021.0,39.587
St. Vincent and the Grenadines,VCT,2021.0,56.463
"Venezuela, RB",VEN,2021.0,37.368
Virgin Islands (U.S.),VIR,2021.0,51.8
Viet Nam,VNM,2021.0,69.107
Vanuatu,VUT,2021.0,54.624
World,WLD,2021.0,47.8921671536065
Samoa,WSM,2021.0,33.491
"Yemen, Rep.",YEM,2021.0,4.875
South Africa,ZAF,2021.0,45.413
Zambia,ZMB,2021.0,54.123
Zimbabwe,ZWE,2021.0,60.12
Africa Eastern and Southern,AFE,2022.0,59.8313046841424
Afghanistan,AFG,2022.0,5.159
Africa Western and Central,AFW,2022.0,65.6799234185922
Angola,AGO,2022.0,74.018
Albania,ALB,2022.0,56.407
Arab World,ARB,2022.0,17.8193689715312
United Arab Emirates,ARE,2022.0,53.057
Argentina,ARG,2022.0,51.868
Armenia,ARM,2022.0,50.24
Australia,AUS,2022.0,62.524
Austria,AUT,2022.0,55.688
Azerbaijan,AZE,2022.0,62.165
Burundi,BDI,2022.0,80.249
Belgium,BEL,2022.0,50.029
Benin,BEN,2022.0,74.633
Burkina Faso,BFA,2022.0,65.403
Bangladesh,BGD,2022.0,43.687
Bulgaria,BGR,2022.0,50.802
Bahrain,BHR,2022.0,42.205
"Bahamas, The",BHS,2022.0,70.887
Bosnia and Herzegovina,BIH,2022.0,38.537
Belarus,BLR,2022.0,57.892
Belize,BLZ,2022.0,43.563
Bolivia,BOL,2022.0,71.715
Brazil,BRA,2022.0,53.864
Barbados,BRB,2022.0,61.109
Brunei Darussalam,BRN,2022.0,53.7
Bhutan,BTN,2022.0,52.51
Botswana,BWA,2022.0,59.93
Central African Republic,CAF,2022.0,65.525
Canada,CAN,2022.0,61.049
Central Europe and the Baltics,CEB,2022.0,50.6275960473224
Switzerland,CHE,2022.0,61.931
Channel Islands,CHI,2022.0,50.891
Chile,CHL,2022.0,50.025
China,CHN,2022.0,60.097
Cote d'Ivoire,CIV,2022.0,59.059
Cameroon,CMR,2022.0,57.098
"Congo, Dem. Rep.",COD,2022.0,61.434
"Congo, Rep.",COG,2022.0,65.72
Colombia,COL,2022.0,50.922
Comoros,COM,2022.0,47.033
Cabo Verde,CPV,2022.0,49.927
Costa Rica,CRI,2022.0,50.283
Caribbean small states,CSS,2022.0,51.431664446526
Cuba,CUB,2022.0,41.921
Cyprus,CYP,2022.0,61.219
Czechia,CZE,2022.0,52.191
Germany,DEU,2022.0,55.538
Djibouti,DJI,2022.0,18.678
Denmark,DNK,2022.0,59.551
Dominican Republic,DOM,2022.0,50.478
Algeria,DZA,2022.0,14.331
East Asia & Pacific (excluding high income),EAP,2022.0,58.8626535061629
Early-demographic dividend,EAR,2022.0,35.8064016592473
East Asia & Pacific,EAS,2022.0,58.4578606544759
Europe & Central Asia (excluding high income),ECA,2022.0,43.3115733807368
Europe & Central Asia,ECS,2022.0,51.0950096408625
Ecuador,ECU,2022.0,54.244
"Egypt, Arab Rep.",EGY,2022.0,15.233
Euro area,EMU,2022.0,51.577774652787
Eritrea,ERI,2022.0,72.851
Spain,ESP,2022.0,52.281
Estonia,EST,2022.0,60.138
Ethiopia,ETH,2022.0,58.001
European Union,EUU,2022.0,51.5700843231279
Fragile and conflict affected situations,FCS,2022.0,50.9610308640736
Finland,FIN,2022.0,57.267
Fiji,FJI,2022.0,38.205
France,FRA,2022.0,51.862
Gabon,GAB,2022.0,41.904
United Kingdom,GBR,2022.0,57.703
Georgia,GEO,2022.0,55.755
Ghana,GHA,2022.0,55.507
Guinea,GIN,2022.0,42.529
"Gambia, The",GMB,2022.0,45.13
Guinea-Bissau,GNB,2022.0,59.972
Equatorial Guinea,GNQ,2022.0,53.526
Greece,GRC,2022.0,44.413
Guatemala,GTM,2022.0,40.502
Guam,GUM,2022.0,56.289
Guyana,GUY,2022.0,45.133
High income,HIC,2022.0,54.0820453811557
"Hong Kong SAR, China",HKG,2022.0,52.789
Honduras,HND,2022.0,43.606
Heavily indebted poor countries (HIPC),HPC,2022.0,56.7814369351425
Croatia,HRV,2022.0,46.975
Haiti,HTI,2022.0,59.948
Hungary,HUN,2022.0,53.057
IBRD only,IBD,2022.0,46.1270299234155
IDA & IBRD total,IBT,2022.0,47.032760258808
IDA total,IDA,2022.0,49.981927273122
IDA blend,IDB,2022.0,50.5062126854949
Indonesia,IDN,2022.0,52.562
IDA only,IDX,2022.0,49.7107785796684
India,IND,2022.0,29.348
Ireland,IRL,2022.0,59.114
"Iran, Islamic Rep.",IRN,2022.0,13.469
Iraq,IRQ,2022.0,11.183
Iceland,ISL,2022.0,70.57
Israel,ISR,2022.0,61.109
Italy,ITA,2022.0,40.517
Jamaica,JAM,2022.0,60.803
Jordan,JOR,2022.0,13.922
Japan,JPN,2022.0,54.173
Kazakhstan,KAZ,2022.0,64.743
Kenya,KEN,2022.0,62.832
Kyrgyz Republic,KGZ,2022.0,45.238
Cambodia,KHM,2022.0,77.173
"Korea, Rep.",KOR,2022.0,55.03
Kuwait,KWT,2022.0,49.616
Latin America & Caribbean (excluding high income),LAC,2022.0,52.010624115289
Lao PDR,LAO,2022.0,61.37
Lebanon,LBN,2022.0,22.339
Liberia,LBR,2022.0,71.919
Libya,LBY,2022.0,33.631
St. Lucia,LCA,2022.0,62.68
Latin America & Caribbean,LCN,2022.0,51.1771614349537
Least developed countries: UN classification,LDC,2022.0,51.8855071807912
Low income,LIC,2022.0,50.9599408186535
Sri Lanka,LKA,2022.0,31.605
Lower middle income,LMC,2022.0,38.8059351019105
Low & middle income,LMY,2022.0,46.7434940029049
Lesotho,LSO,2022.0,48.441
Late-demographic dividend,LTE,2022.0,57.7638224294629
Lithuania,LTU,2022.0,58.035
Luxembourg,LUX,2022.0,56.998
Latvia,LVA,2022.0,55.299
"Macao SAR, China",MAC,2022.0,60.026
Morocco,MAR,2022.0,19.584
Moldova,MDA,2022.0,71.543
Madagascar,MDG,2022.0,82.83
Maldives,MDV,2022.0,40.171
"Middle East, North Africa, Afghanistan & Pakistan",MEA,2022.0,19.2038883925233
Mexico,MEX,2022.0,46.004
Middle income,MIC,2022.0,46.403173081165
North Macedonia,MKD,2022.0,42.206
Mali,MLI,2022.0,53.009
Malta,MLT,2022.0,55.307
Myanmar,MMR,2022.0,41.071
"Middle East, North Africa, Afghanistan & Pakistan (excluding high income)",MNA,2022.0,17.2068372743102
Montenegro,MNE,2022.0,48.489
Mongolia,MNG,2022.0,54.629
Mozambique,MOZ,2022.0,77.198
Mauritania,MRT,2022.0,26.05
Mauritius,MUS,2022.0,42.521
Malawi,MWI,2022.0,58.75
Malaysia,MYS,2022.0,51.597
North America,NAC,2022.0,56.5724967949275
Namibia,NAM,2022.0,54.735
New Caledonia,NCL,2022.0,52.586
Niger,NER,2022.0,72.608
Nigeria,NGA,2022.0,76.927
Nicaragua,NIC,2022.0,50.144
Netherlands,NLD,2022.0,62.565
Norway,NOR,2022.0,62.358
Nepal,NPL,2022.0,27.24
New Zealand,NZL,2022.0,66.366
OECD members,OED,2022.0,52.661545996583
Oman,OMN,2022.0,30.795
Other small states,OSS,2022.0,50.1309929885938
Pakistan,PAK,2022.0,24.027
Panama,PAN,2022.0,52.137
Peru,PER,2022.0,66.725
Philippines,PHL,2022.0,50.38
Papua New Guinea,PNG,2022.0,50.645
Poland,POL,2022.0,51.594
Pre-demographic dividend,PRE,2022.0,59.9165601365719
Puerto Rico (US),PRI,2022.0,35.916
"Korea, Dem. People's Rep.",PRK,2022.0,77.693
Portugal,PRT,2022.0,53.799
Paraguay,PRY,2022.0,58.986
West Bank and Gaza,PSE,2022.0,18.934
Pacific island small states,PSS,2022.0,53.3098636591013
Post-demographic dividend,PST,2022.0,54.6159819761274
French Polynesia,PYF,2022.0,47.85
Qatar,QAT,2022.0,63.54
Romania,ROU,2022.0,43.223
Russian Federation,RUS,2022.0,55.3
Rwanda,RWA,2022.0,54.695
South Asia,SAS,2022.0,30.8503437167079
Saudi Arabia,SAU,2022.0,34.098
Sudan,SDN,2022.0,14.452
Senegal,SEN,2022.0,37.706
Singapore,SGP,2022.0,62.921
Solomon Islands,SLB,2022.0,82.309
Sierra Leone,SLE,2022.0,51.605
El Salvador,SLV,2022.0,46.028
"Somalia, Fed. Rep.",SOM,2022.0,20.666
Serbia,SRB,2022.0,50.142
Sub-Saharan Africa (excluding high income),SSA,2022.0,62.6144798335407
South Sudan,SSD,2022.0,70.628
Sub-Saharan Africa,SSF,2022.0,62.1326606535539
Small states,SST,2022.0,50.7777878782061
Sao Tome and Principe,STP,2022.0,23.014
Suriname,SUR,2022.0,43.957
Slovak Republic,SVK,2022.0,55.692
Slovenia,SVN,2022.0,53.875
Sweden,SWE,2022.0,61.05
Eswatini,SWZ,2022.0,47.227
Syrian Arab Republic,SYR,2022.0,13.02
Chad,TCD,2022.0,47.933
East Asia & Pacific (IDA & IBRD countries),TEA,2022.0,58.6193724805824
Europe & Central Asia (IDA & IBRD countries),TEC,2022.0,48.7064271200428
Togo,TGO,2022.0,56.238
Thailand,THA,2022.0,59.576
Tajikistan,TJK,2022.0,21.395
Turkmenistan,TKM,2022.0,38.385
Latin America & the Caribbean (IDA & IBRD countries),TLA,2022.0,51.4313365004695
Timor-Leste,TLS,2022.0,61.166
"Middle East, North Africa, Afghanistan & Pakistan (IDA & IBRD)",TMN,2022.0,17.1951837122223
Tonga,TON,2022.0,42.617
South Asia (IDA & IBRD),TSA,2022.0,30.8503437167079
Sub-Saharan Africa (IDA & IBRD countries),TSS,2022.0,62.1326606535539
Trinidad and Tobago,TTO,2022.0,50.02
Tunisia,TUN,2022.0,27.519
Turkiye,TUR,2022.0,35.018
Tanzania,TZA,2022.0,80.273
Uganda,UGA,2022.0,75.364
Upper middle income,UMC,2022.0,53.665795173469
Uruguay,URY,2022.0,55.656
United States,USA,2022.0,56.029
Uzbekistan,UZB,2022.0,41.1
St. Vincent and the Grenadines,VCT,2022.0,57.595
"Venezuela, RB",VEN,2022.0,35.32
Virgin Islands (U.S.),VIR,2022.0,52.915
Viet Nam,VNM,2022.0,69.878
Vanuatu,VUT,2022.0,53.631
World,WLD,2022.0,48.3162129639077
Samoa,WSM,2022.0,31.149
"Yemen, Rep.",YEM,2022.0,4.801
South Africa,ZAF,2022.0,47.118
Zambia,ZMB,2022.0,53.968
Zimbabwe,ZWE,2022.0,59.769
Africa Eastern and Southern,AFE,2023.0,63.5925984344771
Afghanistan,AFG,2023.0,5.145
Africa Western and Central,AFW,2023.0,67.3351238627599
Angola,AGO,2023.0,72.318
Albania,ALB,2023.0,57.963
Arab World,ARB,2023.0,19.0969986727696
United Arab Emirates,ARE,2023.0,52.347
Argentina,ARG,2023.0,52.958
Armenia,ARM,2023.0,51.517
Australia,AUS,2023.0,62.576
Austria,AUT,2023.0,55.812
Azerbaijan,AZE,2023.0,61.748
Burundi,BDI,2023.0,79.98
Belgium,BEL,2023.0,49.834
Benin,BEN,2023.0,74.802
Burkina Faso,BFA,2023.0,64.722
Bangladesh,BGD,2023.0,41.874
Bulgaria,BGR,2023.0,51.029
Bahrain,BHR,2023.0,42.382
"Bahamas, The",BHS,2023.0,71.014
Bosnia and Herzegovina,BIH,2023.0,39.533
Belarus,BLR,2023.0,57.417
Belize,BLZ,2023.0,44.076
Bolivia,BOL,2023.0,72.455
Brazil,BRA,2023.0,53.205
Barbados,BRB,2023.0,61.146
Brunei Darussalam,BRN,2023.0,54.827
Bhutan,BTN,2023.0,56.618
Botswana,BWA,2023.0,63.426
Central African Republic,CAF,2023.0,65.608
Canada,CAN,2023.0,61.134
Central Europe and the Baltics,CEB,2023.0,50.8777791701492
Switzerland,CHE,2023.0,62.375
Channel Islands,CHI,2023.0,50.001
Chile,CHL,2023.0,51.963
China,CHN,2023.0,60.216
Cote d'Ivoire,CIV,2023.0,59.258
Cameroon,CMR,2023.0,57.095
"Congo, Dem. Rep.",COD,2023.0,61.719
"Congo, Rep.",COG,2023.0,65.642
Colombia,COL,2023.0,51.833
Comoros,COM,2023.0,47.058
Cabo Verde,CPV,2023.0,50.216
Costa Rica,CRI,2023.0,44.088
Caribbean small states,CSS,2023.0,51.7796158767382
Cuba,CUB,2023.0,41.159
Cyprus,CYP,2023.0,62.495
Czechia,CZE,2023.0,53.241
Germany,DEU,2023.0,55.821
Djibouti,DJI,2023.0,18.936
Denmark,DNK,2023.0,59.812
Dominican Republic,DOM,2023.0,52.482
Algeria,DZA,2023.0,14.338
East Asia & Pacific (excluding high income),EAP,2023.0,59.0423926545231
Early-demographic dividend,EAR,2023.0,36.7409246203878
East Asia & Pacific,EAS,2023.0,58.6880975430552
Europe & Central Asia (excluding high income),ECA,2023.0,43.6481859396916
Europe & Central Asia,ECS,2023.0,51.3615047823943
Ecuador,ECU,2023.0,52.521
"Egypt, Arab Rep.",EGY,2023.0,18.478
Euro area,EMU,2023.0,51.9938483418266
Eritrea,ERI,2023.0,72.862
Spain,ESP,2023.0,52.773
Estonia,EST,2023.0,61.049
Ethiopia,ETH,2023.0,58.141
European Union,EUU,2023.0,51.9690117680907
Fragile and conflict affected situations,FCS,2023.0,53.9892253878653
Finland,FIN,2023.0,57.489
Fiji,FJI,2023.0,38.419
France,FRA,2023.0,52.108
Gabon,GAB,2023.0,41.876
United Kingdom,GBR,2023.0,57.38
Georgia,GEO,2023.0,56.251
Ghana,GHA,2023.0,55.53
Guinea,GIN,2023.0,42.739
"Gambia, The",GMB,2023.0,45.242
Guinea-Bissau,GNB,2023.0,60.084
Equatorial Guinea,GNQ,2023.0,53.265
Greece,GRC,2023.0,44.646
Guatemala,GTM,2023.0,38.14
Guam,GUM,2023.0,56.391
Guyana,GUY,2023.0,46.479
High income,HIC,2023.0,54.4534633166588
"Hong Kong SAR, China",HKG,2023.0,52.27
Honduras,HND,2023.0,39.364
Heavily indebted poor countries (HIPC),HPC,2023.0,59.4711647701372
Croatia,HRV,2023.0,47.139
Haiti,HTI,2023.0,59.351
Hungary,HUN,2023.0,53.995
IBRD only,IBD,2023.0,46.7372405410177
IDA & IBRD total,IBT,2023.0,47.7868716314639
IDA total,IDA,2023.0,51.2394015873235
IDA blend,IDB,2023.0,51.8784848291345
Indonesia,IDN,2023.0,53.487
IDA only,IDX,2023.0,50.8960159579517
India,IND,2023.0,30.984
Ireland,IRL,2023.0,60.155
"Iran, Islamic Rep.",IRN,2023.0,14.128
Iraq,IRQ,2023.0,10.913
Iceland,ISL,2023.0,70.368
Israel,ISR,2023.0,61.338
Italy,ITA,2023.0,41.312
Jamaica,JAM,2023.0,63.047
Jordan,JOR,2023.0,15.933
Japan,JPN,2023.0,54.847
Kazakhstan,KAZ,2023.0,65.029
Kenya,KEN,2023.0,62.946
Kyrgyz Republic,KGZ,2023.0,43.495
Cambodia,KHM,2023.0,77.22
"Korea, Rep.",KOR,2023.0,56.038
Kuwait,KWT,2023.0,48.179
Latin America & Caribbean (excluding high income),LAC,2023.0,52.0156271421454
Lao PDR,LAO,2023.0,61.407
Lebanon,LBN,2023.0,22.234
Liberia,LBR,2023.0,71.966
Libya,LBY,2023.0,33.465
St. Lucia,LCA,2023.0,62.135
Latin America & Caribbean,LCN,2023.0,51.24055617328
Least developed countries: UN classification,LDC,2023.0,53.3453595360796
Low income,LIC,2023.0,54.4043465742424
Sri Lanka,LKA,2023.0,29.6
Lower middle income,LMC,2023.0,39.9028325922923
Low & middle income,LMY,2023.0,47.5473157371202
Lesotho,LSO,2023.0,48.426
Late-demographic dividend,LTE,2023.0,57.781103792916
Lithuania,LTU,2023.0,57.914
Luxembourg,LUX,2023.0,57.196
Latvia,LVA,2023.0,55.436
"Macao SAR, China",MAC,2023.0,62.631
Morocco,MAR,2023.0,19.671
Moldova,MDA,2023.0,70.064
Madagascar,MDG,2023.0,82.866
Maldives,MDV,2023.0,40.311
"Middle East, North Africa, Afghanistan & Pakistan",MEA,2023.0,19.7801593904483
Mexico,MEX,2023.0,47.317
Middle income,MIC,2023.0,47.0306775307759
North Macedonia,MKD,2023.0,42.158
Mali,MLI,2023.0,53.06
Malta,MLT,2023.0,55.525
Myanmar,MMR,2023.0,41.051
"Middle East, North Africa, Afghanistan & Pakistan (excluding high income)",MNA,2023.0,17.7826678754986
Montenegro,MNE,2023.0,51.777
Mongolia,MNG,2023.0,52.467
Mozambique,MOZ,2023.0,77.269
Mauritania,MRT,2023.0,26.198
Mauritius,MUS,2023.0,47.644
Malawi,MWI,2023.0,58.644
Malaysia,MYS,2023.0,51.592
North America,NAC,2023.0,57.1015163773439
Namibia,NAM,2023.0,54.828
New Caledonia,NCL,2023.0,52.221
Niger,NER,2023.0,72.501
Nigeria,NGA,2023.0,80.693
Nicaragua,NIC,2023.0,50.728
Netherlands,NLD,2023.0,63.079
Norway,NOR,2023.0,62.371
Nepal,NPL,2023.0,27.302
New Zealand,NZL,2023.0,66.922
OECD members,OED,2023.0,53.2457701770043
Oman,OMN,2023.0,30.321
Other small states,OSS,2023.0,51.5329567666623
Pakistan,PAK,2023.0,23.997
Panama,PAN,2023.0,52.694
Peru,PER,2023.0,65.083
Philippines,PHL,2023.0,50.445
Papua New Guinea,PNG,2023.0,50.644
Poland,POL,2023.0,52.209
Pre-demographic dividend,PRE,2023.0,63.1102710633554
Puerto Rico (US),PRI,2023.0,36.29
"Korea, Dem. People's Rep.",PRK,2023.0,77.724
Portugal,PRT,2023.0,54.719
Paraguay,PRY,2023.0,58.994
Pacific island small states,PSS,2023.0,53.5905746382427
Post-demographic dividend,PST,2023.0,55.0750333965184
French Polynesia,PYF,2023.0,47.404
Qatar,QAT,2023.0,63.308
Romania,ROU,2023.0,42.172
Russian Federation,RUS,2023.0,55.363
Rwanda,RWA,2023.0,58.044
South Asia,SAS,2023.0,32.0489509421954
Saudi Arabia,SAU,2023.0,34.278
Senegal,SEN,2023.0,37.767
Singapore,SGP,2023.0,63.299
Solomon Islands,SLB,2023.0,82.327
Sierra Leone,SLE,2023.0,51.774
El Salvador,SLV,2023.0,48.521
"Somalia, Fed. Rep.",SOM,2023.0,20.707
Serbia,SRB,2023.0,51.414
Sub-Saharan Africa (excluding high income),SSA,2023.0,65.9834635926816
South Sudan,SSD,2023.0,70.393
Sub-Saharan Africa,SSF,2023.0,65.1283639759208
Small states,SST,2023.0,51.8144816145897
Sao Tome and Principe,STP,2023.0,22.874
Suriname,SUR,2023.0,44.348
Slovak Republic,SVK,2023.0,55.698
Slovenia,SVN,2023.0,52.986
Sweden,SWE,2023.0,61.685
Eswatini,SWZ,2023.0,48.24
Syrian Arab Republic,SYR,2023.0,12.879
Chad,TCD,2023.0,47.817
East Asia & Pacific (IDA & IBRD countries),TEA,2023.0,58.802254080471
Europe & Central Asia (IDA & IBRD countries),TEC,2023.0,48.8726510078119
Togo,TGO,2023.0,56.49
Thailand,THA,2023.0,60.311
Tajikistan,TJK,2023.0,21.674
Turkmenistan,TKM,2023.0,38.228
Latin America & the Caribbean (IDA & IBRD countries),TLA,2023.0,51.5049005114493
Timor-Leste,TLS,2023.0,60.774
"Middle East, North Africa, Afghanistan & Pakistan (IDA & IBRD)",TMN,2023.0,17.7826678754986
Tonga,TON,2023.0,42.617
South Asia (IDA & IBRD),TSA,2023.0,32.0489509421954
Sub-Saharan Africa (IDA & IBRD countries),TSS,2023.0,65.1283639759208
Trinidad and Tobago,TTO,2023.0,50.031
Tunisia,TUN,2023.0,26.781
Turkiye,TUR,2023.0,35.764
Tanzania,TZA,2023.0,80.33
Uganda,UGA,2023.0,75.445
Upper middle income,UMC,2023.0,53.8980244703991
Uruguay,URY,2023.0,56.518
United States,USA,2023.0,56.602
Uzbekistan,UZB,2023.0,41.24
St. Vincent and the Grenadines,VCT,2023.0,58.568
"Venezuela, RB",VEN,2023.0,36.158
Virgin Islands (U.S.),VIR,2023.0,52.999
Viet Nam,VNM,2023.0,69.215
Vanuatu,VUT,2023.0,53.604
World,WLD,2023.0,49.0297087675013
Samoa,WSM,2023.0,31.158
"Yemen, Rep.",YEM,2023.0,4.752
South Africa,ZAF,2023.0,49.052
Zambia,ZMB,2023.0,56.361
Zimbabwe,ZWE,2023.0,62.178
Africa Eastern and Southern,AFE,2024.0,63.6432923969461
Afghanistan,AFG,2024.0,5.123
Africa Western and Central,AFW,2024.0,67.3412095025108
Angola,AGO,2024.0,72.359
Albania,ALB,2024.0,58.154
Arab World,ARB,2024.0,19.0059757044768
United Arab Emirates,ARE,2024.0,52.519
Argentina,ARG,2024.0,52.281
Armenia,ARM,2024.0,51.586
Australia,AUS,2024.0,62.647
Austria,AUT,2024.0,55.408
Azerbaijan,AZE,2024.0,61.35
Burundi,BDI,2024.0,79.728
Belgium,BEL,2024.0,49.97
Benin,BEN,2024.0,74.985
Burkina Faso,BFA,2024.0,64.113
Bangladesh,BGD,2024.0,38.708
Bulgaria,BGR,2024.0,50.487
Bahrain,BHR,2024.0,42.406
"Bahamas, The",BHS,2024.0,70.973
Bosnia and Herzegovina,BIH,2024.0,39.399
Belarus,BLR,2024.0,57.229
Belize,BLZ,2024.0,43.833
Bolivia,BOL,2024.0,72.389
Brazil,BRA,2024.0,53.576
Barbados,BRB,2024.0,61.371
Brunei Darussalam,BRN,2024.0,54.71
Bhutan,BTN,2024.0,56.636
Botswana,BWA,2024.0,63.45
Central African Republic,CAF,2024.0,65.544
Canada,CAN,2024.0,60.415
Central Europe and the Baltics,CEB,2024.0,50.7658634436614
Switzerland,CHE,2024.0,62.53
Channel Islands,CHI,2024.0,49.628
Chile,CHL,2024.0,52.784
China,CHN,2024.0,59.448
Cote d'Ivoire,CIV,2024.0,59.465
Cameroon,CMR,2024.0,57.104
"Congo, Dem. Rep.",COD,2024.0,61.886
"Congo, Rep.",COG,2024.0,65.604
Colombia,COL,2024.0,51.719
Comoros,COM,2024.0,47.126
Cabo Verde,CPV,2024.0,50.429
Costa Rica,CRI,2024.0,45.982
Caribbean small states,CSS,2024.0,51.3615000710727
Cuba,CUB,2024.0,40.393
Cyprus,CYP,2024.0,61.408
Czechia,CZE,2024.0,53.656
Germany,DEU,2024.0,55.622
Djibouti,DJI,2024.0,19.235
Denmark,DNK,2024.0,60.902
Dominican Republic,DOM,2024.0,53.266
Algeria,DZA,2024.0,14.306
East Asia & Pacific (excluding high income),EAP,2024.0,58.482642324428
Early-demographic dividend,EAR,2024.0,37.2243237109038
East Asia & Pacific,EAS,2024.0,58.2578993635802
Europe & Central Asia (excluding high income),ECA,2024.0,44.1735697253166
Europe & Central Asia,ECS,2024.0,51.4031476358676
Ecuador,ECU,2024.0,52.394
"Egypt, Arab Rep.",EGY,2024.0,18.468
Euro area,EMU,2024.0,51.8837053357391
Eritrea,ERI,2024.0,72.854
Spain,ESP,2024.0,53.195
Estonia,EST,2024.0,61.258
Ethiopia,ETH,2024.0,58.391
European Union,EUU,2024.0,51.8737033852374
Fragile and conflict affected situations,FCS,2024.0,54.0741636498013
Finland,FIN,2024.0,56.668
Fiji,FJI,2024.0,38.501
France,FRA,2024.0,51.773
Gabon,GAB,2024.0,41.808
United Kingdom,GBR,2024.0,57.489
Georgia,GEO,2024.0,56.673
Ghana,GHA,2024.0,55.733
Guinea,GIN,2024.0,42.882
"Gambia, The",GMB,2024.0,45.428
Guinea-Bissau,GNB,2024.0,60.17
Equatorial Guinea,GNQ,2024.0,53.044
Greece,GRC,2024.0,45.027
Guatemala,GTM,2024.0,38.42
Guam,GUM,2024.0,56.468
Guyana,GUY,2024.0,47.381
High income,HIC,2024.0,54.4896016935418
"Hong Kong SAR, China",HKG,2024.0,52.256
Honduras,HND,2024.0,39.617
Heavily indebted poor countries (HIPC),HPC,2024.0,59.5074255908649
Croatia,HRV,2024.0,47.541
Haiti,HTI,2024.0,58.321
Hungary,HUN,2024.0,54.398
IBRD only,IBD,2024.0,46.9096128183259
IDA & IBRD total,IBT,2024.0,47.8404669347317
IDA total,IDA,2024.0,50.8703705139839
IDA blend,IDB,2024.0,51.9687724154558
Indonesia,IDN,2024.0,53.588
IDA only,IDX,2024.0,50.2752635010782
India,IND,2024.0,32.415
Ireland,IRL,2024.0,59.838
"Iran, Islamic Rep.",IRN,2024.0,14.144
Iraq,IRQ,2024.0,11.003
Iceland,ISL,2024.0,70.252
Israel,ISR,2024.0,62.196
Italy,ITA,2024.0,41.03
Jamaica,JAM,2024.0,62.913
Jordan,JOR,2024.0,16.008
Japan,JPN,2024.0,55.596
Kazakhstan,KAZ,2024.0,65.291
Kenya,KEN,2024.0,63.012
Kyrgyz Republic,KGZ,2024.0,44.256
Cambodia,KHM,2024.0,77.299
"Korea, Rep.",KOR,2024.0,56.826
Kuwait,KWT,2024.0,47.336
Latin America & Caribbean (excluding high income),LAC,2024.0,52.0973002901398
Lao PDR,LAO,2024.0,61.466
Liberia,LBR,2024.0,72.021
Libya,LBY,2024.0,33.28
St. Lucia,LCA,2024.0,61.885
Latin America & Caribbean,LCN,2024.0,51.4207929990083
Least developed countries: UN classification,LDC,2024.0,52.661791319749
Low income,LIC,2024.0,53.9148386988902
Sri Lanka,LKA,2024.0,30.998
Lower middle income,LMC,2024.0,40.5200368335267
Low & middle income,LMY,2024.0,47.5922702202611
Lesotho,LSO,2024.0,48.457
Late-demographic dividend,LTE,2024.0,57.3949695736363
Lithuania,LTU,2024.0,57.86
Luxembourg,LUX,2024.0,57.645
Latvia,LVA,2024.0,55.516
"Macao SAR, China",MAC,2024.0,63.512
Morocco,MAR,2024.0,19.827
Moldova,MDA,2024.0,72.177
Madagascar,MDG,2024.0,82.915
Maldives,MDV,2024.0,40.455
"Middle East, North Africa, Afghanistan & Pakistan",MEA,2024.0,19.7389087214856
Mexico,MEX,2024.0,47.414
Middle income,MIC,2024.0,47.116371123356
North Macedonia,MKD,2024.0,42.884
Mali,MLI,2024.0,53.093
Malta,MLT,2024.0,55.894
Myanmar,MMR,2024.0,40.959
"Middle East, North Africa, Afghanistan & Pakistan (excluding high income)",MNA,2024.0,17.7216987287405
Montenegro,MNE,2024.0,51.429
Mongolia,MNG,2024.0,52.1
Mozambique,MOZ,2024.0,77.206
Mauritania,MRT,2024.0,26.239
Mauritius,MUS,2024.0,47.45
Malawi,MWI,2024.0,58.534
Malaysia,MYS,2024.0,51.617
North America,NAC,2024.0,56.9929790553499
Namibia,NAM,2024.0,54.911
New Caledonia,NCL,2024.0,51.608
Niger,NER,2024.0,72.787
Nigeria,NGA,2024.0,80.714
Nicaragua,NIC,2024.0,51.082
Netherlands,NLD,2024.0,62.882
Norway,NOR,2024.0,62.292
Nepal,NPL,2024.0,27.378
New Zealand,NZL,2024.0,66.255
OECD members,OED,2024.0,53.3917422187829
Oman,OMN,2024.0,30.061
Other small states,OSS,2024.0,51.4910398601972
Pakistan,PAK,2024.0,23.989
Panama,PAN,2024.0,54.832
Peru,PER,2024.0,64.939
Philippines,PHL,2024.0,50.511
Papua New Guinea,PNG,2024.0,50.697
Poland,POL,2024.0,51.913
Pre-demographic dividend,PRE,2024.0,63.0394741393724
Puerto Rico (US),PRI,2024.0,36.681
"Korea, Dem. People's Rep.",PRK,2024.0,77.722
Portugal,PRT,2024.0,54.888
Paraguay,PRY,2024.0,58.944
Pacific island small states,PSS,2024.0,53.792523589903
Post-demographic dividend,PST,2024.0,55.1549928532933
French Polynesia,PYF,2024.0,46.983
Qatar,QAT,2024.0,61.78
Romania,ROU,2024.0,41.904
Russian Federation,RUS,2024.0,55.214
Rwanda,RWA,2024.0,57.099
South Asia,SAS,2024.0,32.9751751800702
Saudi Arabia,SAU,2024.0,33.305
Senegal,SEN,2024.0,37.99
Singapore,SGP,2024.0,63.136
Solomon Islands,SLB,2024.0,82.328
Sierra Leone,SLE,2024.0,51.815
El Salvador,SLV,2024.0,48.957
"Somalia, Fed. Rep.",SOM,2024.0,20.722
Serbia,SRB,2024.0,52.619
Sub-Saharan Africa (excluding high income),SSA,2024.0,66.0172977651906
Sub-Saharan Africa,SSF,2024.0,65.1768859036468
Small states,SST,2024.0,51.714026132595
Sao Tome and Principe,STP,2024.0,22.771
Suriname,SUR,2024.0,44.887
Slovak Republic,SVK,2024.0,55.464
Slovenia,SVN,2024.0,52.644
Sweden,SWE,2024.0,61.68
Eswatini,SWZ,2024.0,48.422
Syrian Arab Republic,SYR,2024.0,12.772
Chad,TCD,2024.0,47.554
East Asia & Pacific (IDA & IBRD countries),TEA,2024.0,58.2367247541072
Europe & Central Asia (IDA & IBRD countries),TEC,2024.0,48.9959150760124
Togo,TGO,2024.0,56.604
Thailand,THA,2024.0,59.473
Tajikistan,TJK,2024.0,21.946
Turkmenistan,TKM,2024.0,38.35
Latin America & the Caribbean (IDA & IBRD countries),TLA,2024.0,51.6986261209599
Timor-Leste,TLS,2024.0,61.457
"Middle East, North Africa, Afghanistan & Pakistan (IDA & IBRD)",TMN,2024.0,17.7216987287405
Tonga,TON,2024.0,42.5
South Asia (IDA & IBRD),TSA,2024.0,32.9751751800702
Sub-Saharan Africa (IDA & IBRD countries),TSS,2024.0,65.1768859036468
Trinidad and Tobago,TTO,2024.0,48.149
Tunisia,TUN,2024.0,26.635
Turkiye,TUR,2024.0,36.786
Tanzania,TZA,2024.0,80.288
Uganda,UGA,2024.0,75.556
Upper middle income,UMC,2024.0,53.5173768538018
Uruguay,URY,2024.0,57.264
United States,USA,2024.0,56.561
Uzbekistan,UZB,2024.0,41.273
St. Vincent and the Grenadines,VCT,2024.0,59.253
"Venezuela, RB",VEN,2024.0,37.332
Virgin Islands (U.S.),VIR,2024.0,52.833
Viet Nam,VNM,2024.0,68.905
Vanuatu,VUT,2024.0,53.531
World,WLD,2024.0,49.0782841403016
Samoa,WSM,2024.0,31.145
"Yemen, Rep.",YEM,2024.0,4.705
South Africa,ZAF,2024.0,49.801
Zambia,ZMB,2024.0,56.366
Zimbabwe,ZWE,2024.0,62.115
