country,country_code,year,female_life_expectancy
Aruba,ABW,2015.0,78.139
Africa Eastern and Southern,AFE,2015.0,64.0634784185112
Afghanistan,AFG,2015.0,64.178
Africa Western and Central,AFW,2015.0,56.9951946399414
Angola,AGO,2015.0,63.412
Albania,ALB,2015.0,80.451
Andorra,AND,2015.0,86.584
Arab World,ARB,2015.0,72.8191746104877
United Arab Emirates,ARE,2015.0,83.328
Argentina,ARG,2015.0,79.795
Armenia,ARM,2015.0,78.2
American Samoa,ASM,2015.0,75.268
Antigua and Barbuda,ATG,2015.0,79.973
Australia,AUS,2015.0,84.5
Austria,AUT,2015.0,83.7
Azerbaijan,AZE,2015.0,75.344
Burundi,BDI,2015.0,61.874
Belgium,BEL,2015.0,83.4
Benin,BEN,2015.0,60.096
Burkina Faso,BFA,2015.0,60.364
Bangladesh,BGD,2015.0,72.597
Bulgaria,BGR,2015.0,78.2
Bahrain,BHR,2015.0,81.344
"Bahamas, The",BHS,2015.0,77.443
Bosnia and Herzegovina,BIH,2015.0,80.177
Belarus,BLR,2015.0,78.9
Belize,BLZ,2015.0,74.803
Bermuda,BMU,2015.0,84.543
Bolivia,BOL,2015.0,69.552
Brazil,BRA,2015.0,78.472
Barbados,BRB,2015.0,78.157
Brunei Darussalam,BRN,2015.0,77.124
Bhutan,BTN,2015.0,72.487
Botswana,BWA,2015.0,65.183
Central African Republic,CAF,2015.0,54.187
Canada,CAN,2015.0,83.89
Central Europe and the Baltics,CEB,2015.0,80.3754371805634
Switzerland,CHE,2015.0,85.1
Channel Islands,CHI,2015.0,83.6
Chile,CHL,2015.0,82.297
China,CHN,2015.0,79.785
Cote d'Ivoire,CIV,2015.0,60.022
Cameroon,CMR,2015.0,61.658
"Congo, Dem. Rep.",COD,2015.0,60.397
"Congo, Rep.",COG,2015.0,65.133
Colombia,COL,2015.0,78.988
Comoros,COM,2015.0,66.349
Cabo Verde,CPV,2015.0,77.616
Costa Rica,CRI,2015.0,83.28
Caribbean small states,CSS,2015.0,75.1124885418905
Cuba,CUB,2015.0,79.986
Curacao,CUW,2015.0,80.337
Cayman Islands,CYM,2015.0,80.627
Cyprus,CYP,2015.0,83.855
Czechia,CZE,2015.0,81.6
Germany,DEU,2015.0,83.1
Djibouti,DJI,2015.0,65.313
Dominica,DMA,2015.0,72.395
Denmark,DNK,2015.0,82.7
Dominican Republic,DOM,2015.0,76.376
Algeria,DZA,2015.0,76.377
East Asia & Pacific (excluding high income),EAP,2015.0,77.7726289288201
Early-demographic dividend,EAR,2015.0,71.7546534524729
East Asia & Pacific,EAS,2015.0,78.6628110241074
Europe & Central Asia (excluding high income),ECA,2015.0,77.3605279914515
Europe & Central Asia,ECS,2015.0,80.710332292523
Ecuador,ECU,2015.0,78.621
"Egypt, Arab Rep.",EGY,2015.0,72.518
Euro area,EMU,2015.0,84.2418605070411
Eritrea,ERI,2015.0,67.897
Spain,ESP,2015.0,85.7
Estonia,EST,2015.0,82.2
Ethiopia,ETH,2015.0,66.353
European Union,EUU,2015.0,83.4620337197235
Fragile and conflict affected situations,FCS,2015.0,62.9482096575272
Finland,FIN,2015.0,84.4
Fiji,FJI,2015.0,69.003
France,FRA,2015.0,85.6
Faroe Islands,FRO,2015.0,84.1685
"Micronesia, Fed. Sts.",FSM,2015.0,68.255
Gabon,GAB,2015.0,68.653
United Kingdom,GBR,2015.0,82.8
Georgia,GEO,2015.0,77.855
Ghana,GHA,2015.0,65.063
Gibraltar,GIB,2015.0,85.35
Guinea,GIN,2015.0,59.092
"Gambia, The",GMB,2015.0,64.251
Guinea-Bissau,GNB,2015.0,62.119
Equatorial Guinea,GNQ,2015.0,62.29
Greece,GRC,2015.0,83.7
Grenada,GRD,2015.0,77.956
Greenland,GRL,2015.0,73.23
Guatemala,GTM,2015.0,73.555
Guam,GUM,2015.0,80.73
Guyana,GUY,2015.0,71.527
High income,HIC,2015.0,82.4925619121904
"Hong Kong SAR, China",HKG,2015.0,87.29
Honduras,HND,2015.0,73.827
Heavily indebted poor countries (HIPC),HPC,2015.0,63.613116382252
Croatia,HRV,2015.0,80.4
Haiti,HTI,2015.0,65.935
Hungary,HUN,2015.0,79.0
IBRD only,IBD,2015.0,75.6604042094282
IDA & IBRD total,IBT,2015.0,72.8315222953906
IDA total,IDA,2015.0,64.6805050539096
IDA blend,IDB,2015.0,61.9039487587177
Indonesia,IDN,2015.0,71.46
IDA only,IDX,2015.0,66.1698673152003
Isle of Man,IMN,2015.0,81.87
India,IND,2015.0,70.94
Ireland,IRL,2015.0,83.4
"Iran, Islamic Rep.",IRN,2015.0,77.84
Iraq,IRQ,2015.0,72.04
Iceland,ISL,2015.0,83.8
Israel,ISR,2015.0,84.1
Italy,ITA,2015.0,84.9
Jamaica,JAM,2015.0,74.332
Jordan,JOR,2015.0,77.295
Japan,JPN,2015.0,86.99
Kazakhstan,KAZ,2015.0,76.482
Kenya,KEN,2015.0,64.344
Kyrgyz Republic,KGZ,2015.0,74.8
Cambodia,KHM,2015.0,71.717
Kiribati,KIR,2015.0,67.426
St. Kitts and Nevis,KNA,2015.0,75.091
"Korea, Rep.",KOR,2015.0,85.2
Kuwait,KWT,2015.0,80.718
Latin America & Caribbean (excluding high income),LAC,2015.0,77.5018745097368
Lao PDR,LAO,2015.0,68.896
Lebanon,LBN,2015.0,80.096
Liberia,LBR,2015.0,60.368
Libya,LBY,2015.0,75.248
St. Lucia,LCA,2015.0,76.042
Latin America & Caribbean,LCN,2015.0,77.7506200092505
Least developed countries: UN classification,LDC,2015.0,65.4547962302602
Low income,LIC,2015.0,63.2026819573709
Liechtenstein,LIE,2015.0,84.5
Sri Lanka,LKA,2015.0,79.395
Lower middle income,LMC,2015.0,69.2729288831919
Low & middle income,LMY,2015.0,72.7060463061198
Lesotho,LSO,2015.0,54.355
Late-demographic dividend,LTE,2015.0,79.2315158165263
Lithuania,LTU,2015.0,79.7
Luxembourg,LUX,2015.0,84.7
Latvia,LVA,2015.0,79.5
"Macao SAR, China",MAC,2015.0,86.4
St. Martin (French part),MAF,2015.0,83.588
Morocco,MAR,2015.0,74.722
Monaco,MCO,2015.0,88.199
Moldova,MDA,2015.0,74.528
Madagascar,MDG,2015.0,64.984
Maldives,MDV,2015.0,80.146
"Middle East, North Africa, Afghanistan & Pakistan",MEA,2015.0,72.3305833469531
Mexico,MEX,2015.0,76.929
Marshall Islands,MHL,2015.0,67.596
Middle income,MIC,2015.0,73.5721354105124
North Macedonia,MKD,2015.0,77.4
Mali,MLI,2015.0,58.914
Malta,MLT,2015.0,84.0
Myanmar,MMR,2015.0,68.352
"Middle East, North Africa, Afghanistan & Pakistan (excluding high income)",MNA,2015.0,71.6781896472253
Montenegro,MNE,2015.0,78.6
Mongolia,MNG,2015.0,75.84
Northern Mariana Islands,MNP,2015.0,79.408
Mozambique,MOZ,2015.0,60.659
Mauritania,MRT,2015.0,68.555
Mauritius,MUS,2015.0,77.79
Malawi,MWI,2015.0,65.244
Malaysia,MYS,2015.0,78.032
North America,NAC,2015.0,81.4717070569013
Namibia,NAM,2015.0,63.105
New Caledonia,NCL,2015.0,80.174
Niger,NER,2015.0,59.731
Nigeria,NGA,2015.0,52.243
Nicaragua,NIC,2015.0,75.642
Netherlands,NLD,2015.0,83.2
Norway,NOR,2015.0,84.2
Nepal,NPL,2015.0,68.593
Nauru,NRU,2015.0,64.171
New Zealand,NZL,2015.0,83.4
OECD members,OED,2015.0,82.4645278513826
Oman,OMN,2015.0,81.282
Other small states,OSS,2015.0,74.0349525463917
Pakistan,PAK,2015.0,68.086
Panama,PAN,2015.0,80.609
Peru,PER,2015.0,78.028
Philippines,PHL,2015.0,72.527
Palau,PLW,2015.0,72.604
Papua New Guinea,PNG,2015.0,67.516
Poland,POL,2015.0,81.6
Pre-demographic dividend,PRE,2015.0,60.5512505270634
Puerto Rico (US),PRI,2015.0,84.04
"Korea, Dem. People's Rep.",PRK,2015.0,74.992
Portugal,PRT,2015.0,84.3
Paraguay,PRY,2015.0,76.517
West Bank and Gaza,PSE,2015.0,76.733
Pacific island small states,PSS,2015.0,70.4096688942436
Post-demographic dividend,PST,2015.0,83.1773143452896
French Polynesia,PYF,2015.0,84.998
Qatar,QAT,2015.0,82.837
Romania,ROU,2015.0,78.6
Russian Federation,RUS,2015.0,76.71
Rwanda,RWA,2015.0,67.386
South Asia,SAS,2015.0,71.1987636807667
Saudi Arabia,SAU,2015.0,79.678
Sudan,SDN,2015.0,67.342
Senegal,SEN,2015.0,68.336
Singapore,SGP,2015.0,85.1
Solomon Islands,SLB,2015.0,70.907
Sierra Leone,SLE,2015.0,56.338
El Salvador,SLV,2015.0,75.666
San Marino,SMR,2015.0,86.266
"Somalia, Fed. Rep.",SOM,2015.0,57.135
Serbia,SRB,2015.0,77.9
Sub-Saharan Africa (excluding high income),SSA,2015.0,60.6328186221588
South Sudan,SSD,2015.0,42.868
Sub-Saharan Africa,SSF,2015.0,61.2092282357884
Small states,SST,2015.0,73.8134688802553
Sao Tome and Principe,STP,2015.0,69.312
Suriname,SUR,2015.0,73.939
Slovak Republic,SVK,2015.0,80.2
Slovenia,SVN,2015.0,83.9
Sweden,SWE,2015.0,84.1
Eswatini,SWZ,2015.0,57.201
Sint Maarten (Dutch part),SXM,2015.0,79.016
Seychelles,SYC,2015.0,78.7
Syrian Arab Republic,SYR,2015.0,70.646
Turks and Caicos Islands,TCA,2015.0,79.539
Chad,TCD,2015.0,52.548
East Asia & Pacific (IDA & IBRD countries),TEA,2015.0,77.8087173401797
Europe & Central Asia (IDA & IBRD countries),TEC,2015.0,77.5922183397251
Togo,TGO,2015.0,59.498
Thailand,THA,2015.0,80.858
Tajikistan,TJK,2015.0,72.156
Turkmenistan,TKM,2015.0,72.126
Latin America & the Caribbean (IDA & IBRD countries),TLA,2015.0,77.6684473054998
Timor-Leste,TLS,2015.0,67.033
"Middle East, North Africa, Afghanistan & Pakistan (IDA & IBRD)",TMN,2015.0,71.6431586927265
Tonga,TON,2015.0,75.623
South Asia (IDA & IBRD),TSA,2015.0,71.1987636807667
Sub-Saharan Africa (IDA & IBRD countries),TSS,2015.0,61.2092282357884
Trinidad and Tobago,TTO,2015.0,75.903
Tunisia,TUN,2015.0,77.406
Turkiye,TUR,2015.0,79.74
Tuvalu,TUV,2015.0,68.876
Tanzania,TZA,2015.0,66.237
Uganda,UGA,2015.0,66.335
Ukraine,UKR,2015.0,77.458
Upper middle income,UMC,2015.0,77.9581963025667
Uruguay,URY,2015.0,81.046
United States,USA,2015.0,81.2
Uzbekistan,UZB,2015.0,74.212
St. Vincent and the Grenadines,VCT,2015.0,74.283
"Venezuela, RB",VEN,2015.0,77.395
British Virgin Islands,VGB,2015.0,79.391
Virgin Islands (U.S.),VIR,2015.0,82.5
Viet Nam,VNM,2015.0,78.7
Vanuatu,VUT,2015.0,72.851
World,WLD,2015.0,74.4621397791158
Samoa,WSM,2015.0,73.231
Kosovo,XKX,2015.0,78.306
"Yemen, Rep.",YEM,2015.0,69.708
South Africa,ZAF,2015.0,67.027
Zambia,ZMB,2015.0,62.83
Zimbabwe,ZWE,2015.0,60.49
Aruba,ABW,2016.0,78.203
Africa Eastern and Southern,AFE,2016.0,64.6100394308735
Afghanistan,AFG,2016.0,64.64
Africa Western and Central,AFW,2016.0,57.3328305296981
Angola,AGO,2016.0,64.009
Albania,ALB,2016.0,80.625
Andorra,AND,2016.0,86.468
Arab World,ARB,2016.0,73.1246960262716
United Arab Emirates,ARE,2016.0,83.529
Argentina,ARG,2016.0,79.131
Armenia,ARM,2016.0,78.3
American Samoa,ASM,2016.0,75.305
Antigua and Barbuda,ATG,2016.0,79.923
Australia,AUS,2016.0,84.6
Austria,AUT,2016.0,84.1
Azerbaijan,AZE,2016.0,75.342
Burundi,BDI,2016.0,62.502
Belgium,BEL,2016.0,84.0
Benin,BEN,2016.0,60.291
Burkina Faso,BFA,2016.0,60.768
Bangladesh,BGD,2016.0,73.066
Bulgaria,BGR,2016.0,78.5
Bahrain,BHR,2016.0,81.432
"Bahamas, The",BHS,2016.0,77.757
Bosnia and Herzegovina,BIH,2016.0,80.089
Belarus,BLR,2016.0,79.0
Belize,BLZ,2016.0,74.986
Bermuda,BMU,2016.0,84.562
Bolivia,BOL,2016.0,69.757
Brazil,BRA,2016.0,78.539
Barbados,BRB,2016.0,78.271
Brunei Darussalam,BRN,2016.0,77.145
Bhutan,BTN,2016.0,72.876
Botswana,BWA,2016.0,66.387
Central African Republic,CAF,2016.0,53.853
Canada,CAN,2016.0,84.04
Central Europe and the Baltics,CEB,2016.0,80.8226385256559
Switzerland,CHE,2016.0,85.6
Channel Islands,CHI,2016.0,83.4
Chile,CHL,2016.0,82.549
China,CHN,2016.0,80.052
Cote d'Ivoire,CIV,2016.0,60.661
Cameroon,CMR,2016.0,62.288
"Congo, Dem. Rep.",COD,2016.0,60.858
"Congo, Rep.",COG,2016.0,65.41
Colombia,COL,2016.0,79.154
Comoros,COM,2016.0,66.706
Cabo Verde,CPV,2016.0,77.827
Costa Rica,CRI,2016.0,82.69
Caribbean small states,CSS,2016.0,75.3080718333088
Cuba,CUB,2016.0,79.952
Curacao,CUW,2016.0,80.37
Cayman Islands,CYM,2016.0,80.857
Cyprus,CYP,2016.0,83.934
Czechia,CZE,2016.0,82.1
Germany,DEU,2016.0,83.5
Djibouti,DJI,2016.0,65.794
Dominica,DMA,2016.0,74.103
Denmark,DNK,2016.0,82.8
Dominican Republic,DOM,2016.0,76.516
Algeria,DZA,2016.0,76.57
East Asia & Pacific (excluding high income),EAP,2016.0,78.0106220514879
Early-demographic dividend,EAR,2016.0,72.0743315107001
East Asia & Pacific,EAS,2016.0,78.883443672905
Europe & Central Asia (excluding high income),ECA,2016.0,77.6024631506942
Europe & Central Asia,ECS,2016.0,81.0401624142506
Ecuador,ECU,2016.0,78.436
"Egypt, Arab Rep.",EGY,2016.0,72.756
Euro area,EMU,2016.0,84.6466884480465
Eritrea,ERI,2016.0,68.284
Spain,ESP,2016.0,86.3
Estonia,EST,2016.0,82.2
Ethiopia,ETH,2016.0,67.049
European Union,EUU,2016.0,83.8648974935365
Fragile and conflict affected situations,FCS,2016.0,63.2500030033768
Finland,FIN,2016.0,84.4
Fiji,FJI,2016.0,68.602
France,FRA,2016.0,85.8
Faroe Islands,FRO,2016.0,84.2947
"Micronesia, Fed. Sts.",FSM,2016.0,68.588
Gabon,GAB,2016.0,68.919
United Kingdom,GBR,2016.0,83.0
Georgia,GEO,2016.0,77.886
Ghana,GHA,2016.0,65.446
Gibraltar,GIB,2016.0,85.418
Guinea,GIN,2016.0,59.631
"Gambia, The",GMB,2016.0,64.773
Guinea-Bissau,GNB,2016.0,62.687
Equatorial Guinea,GNQ,2016.0,62.772
Greece,GRC,2016.0,84.0
Grenada,GRD,2016.0,78.044
Greenland,GRL,2016.0,73.76
Guatemala,GTM,2016.0,73.818
Guam,GUM,2016.0,80.715
Guyana,GUY,2016.0,71.897
High income,HIC,2016.0,82.6870358440826
"Hong Kong SAR, China",HKG,2016.0,87.3
Honduras,HND,2016.0,74.155
Heavily indebted poor countries (HIPC),HPC,2016.0,64.1160428979829
Croatia,HRV,2016.0,81.2
Haiti,HTI,2016.0,66.053
Hungary,HUN,2016.0,79.7
IBRD only,IBD,2016.0,75.9074563806132
IDA & IBRD total,IBT,2016.0,73.0906648706616
IDA total,IDA,2016.0,65.0691033190393
IDA blend,IDB,2016.0,62.1836091705397
Indonesia,IDN,2016.0,71.692
IDA only,IDX,2016.0,66.6130395926599
Isle of Man,IMN,2016.0,82.099
India,IND,2016.0,71.297
Ireland,IRL,2016.0,83.6
"Iran, Islamic Rep.",IRN,2016.0,78.109
Iraq,IRQ,2016.0,72.145
Iceland,ISL,2016.0,84.1
Israel,ISR,2016.0,84.2
Italy,ITA,2016.0,85.6
Jamaica,JAM,2016.0,74.233
Jordan,JOR,2016.0,77.814
Japan,JPN,2016.0,87.14
Kazakhstan,KAZ,2016.0,76.876
Kenya,KEN,2016.0,64.669
Kyrgyz Republic,KGZ,2016.0,75.1
Cambodia,KHM,2016.0,71.981
Kiribati,KIR,2016.0,67.406
St. Kitts and Nevis,KNA,2016.0,75.173
"Korea, Rep.",KOR,2016.0,85.4
Kuwait,KWT,2016.0,80.997
Latin America & Caribbean (excluding high income),LAC,2016.0,77.5216742374548
Lao PDR,LAO,2016.0,69.26
Lebanon,LBN,2016.0,80.171
Liberia,LBR,2016.0,61.628
Libya,LBY,2016.0,75.483
St. Lucia,LCA,2016.0,75.87
Latin America & Caribbean,LCN,2016.0,77.7423085651911
Least developed countries: UN classification,LDC,2016.0,65.9089205081347
Low income,LIC,2016.0,63.6227962368824
Liechtenstein,LIE,2016.0,84.0
Sri Lanka,LKA,2016.0,79.507
Lower middle income,LMC,2016.0,69.5958554946752
Low & middle income,LMY,2016.0,72.961961027835
Lesotho,LSO,2016.0,55.325
Late-demographic dividend,LTE,2016.0,79.4670785711365
Lithuania,LTU,2016.0,80.1
Luxembourg,LUX,2016.0,85.4
Latvia,LVA,2016.0,79.6
"Macao SAR, China",MAC,2016.0,86.4
St. Martin (French part),MAF,2016.0,83.701
Morocco,MAR,2016.0,75.064
Monaco,MCO,2016.0,88.29
Moldova,MDA,2016.0,74.65
Madagascar,MDG,2016.0,65.047
Maldives,MDV,2016.0,80.403
"Middle East, North Africa, Afghanistan & Pakistan",MEA,2016.0,72.64742666564
Mexico,MEX,2016.0,76.962
Marshall Islands,MHL,2016.0,67.799
Middle income,MIC,2016.0,73.8252157336452
North Macedonia,MKD,2016.0,77.5
Mali,MLI,2016.0,59.302
Malta,MLT,2016.0,84.3
Myanmar,MMR,2016.0,68.673
"Middle East, North Africa, Afghanistan & Pakistan (excluding high income)",MNA,2016.0,71.9846500541449
Montenegro,MNE,2016.0,79.0
Mongolia,MNG,2016.0,75.1
Northern Mariana Islands,MNP,2016.0,79.429
Mozambique,MOZ,2016.0,61.521
Mauritania,MRT,2016.0,68.771
Mauritius,MUS,2016.0,77.76
Malawi,MWI,2016.0,66.201
Malaysia,MYS,2016.0,78.13
North America,NAC,2016.0,81.3980738886152
Namibia,NAM,2016.0,64.091
New Caledonia,NCL,2016.0,80.231
Niger,NER,2016.0,60.106
Nigeria,NGA,2016.0,52.429
Nicaragua,NIC,2016.0,75.845
Netherlands,NLD,2016.0,83.2
Norway,NOR,2016.0,84.2
Nepal,NPL,2016.0,69.771
Nauru,NRU,2016.0,64.165
New Zealand,NZL,2016.0,83.4
OECD members,OED,2016.0,82.6148735377411
Oman,OMN,2016.0,81.498
Other small states,OSS,2016.0,74.3752736330908
Pakistan,PAK,2016.0,68.396
Panama,PAN,2016.0,80.911
Peru,PER,2016.0,78.209
Philippines,PHL,2016.0,72.749
Palau,PLW,2016.0,72.497
Papua New Guinea,PNG,2016.0,67.769
Poland,POL,2016.0,82.0
Pre-demographic dividend,PRE,2016.0,60.9394753912998
Puerto Rico (US),PRI,2016.0,83.803
"Korea, Dem. People's Rep.",PRK,2016.0,75.198
Portugal,PRT,2016.0,84.3
Paraguay,PRY,2016.0,76.599
West Bank and Gaza,PSE,2016.0,77.053
Pacific island small states,PSS,2016.0,70.3269175977483
Post-demographic dividend,PST,2016.0,83.3590337395181
French Polynesia,PYF,2016.0,85.195
Qatar,QAT,2016.0,83.19
Romania,ROU,2016.0,79.0
Russian Federation,RUS,2016.0,77.06
Rwanda,RWA,2016.0,67.756
South Asia,SAS,2016.0,71.5800297066357
Saudi Arabia,SAU,2016.0,80.112
Sudan,SDN,2016.0,67.678
Senegal,SEN,2016.0,68.543
Singapore,SGP,2016.0,85.1
Solomon Islands,SLB,2016.0,71.026
Sierra Leone,SLE,2016.0,57.857
El Salvador,SLV,2016.0,75.774
San Marino,SMR,2016.0,86.421
"Somalia, Fed. Rep.",SOM,2016.0,57.554
Serbia,SRB,2016.0,78.3
Sub-Saharan Africa (excluding high income),SSA,2016.0,61.0677654306959
South Sudan,SSD,2016.0,39.993
Sub-Saharan Africa,SSF,2016.0,61.671020912152
Small states,SST,2016.0,74.0611683021793
Sao Tome and Principe,STP,2016.0,69.986
Suriname,SUR,2016.0,74.324
Slovak Republic,SVK,2016.0,80.7
Slovenia,SVN,2016.0,84.3
Sweden,SWE,2016.0,84.1
Eswatini,SWZ,2016.0,58.704
Sint Maarten (Dutch part),SXM,2016.0,79.028
Seychelles,SYC,2016.0,80.2
Syrian Arab Republic,SYR,2016.0,71.924
Turks and Caicos Islands,TCA,2016.0,79.708
Chad,TCD,2016.0,52.828
East Asia & Pacific (IDA & IBRD countries),TEA,2016.0,78.046981518068
Europe & Central Asia (IDA & IBRD countries),TEC,2016.0,77.892726605635
Togo,TGO,2016.0,59.904
Thailand,THA,2016.0,81.105
Tajikistan,TJK,2016.0,72.317
Turkmenistan,TKM,2016.0,72.153
Latin America & the Caribbean (IDA & IBRD countries),TLA,2016.0,77.6630322460488
Timor-Leste,TLS,2016.0,67.311
"Middle East, North Africa, Afghanistan & Pakistan (IDA & IBRD)",TMN,2016.0,71.9493057110552
Tonga,TON,2016.0,75.701
South Asia (IDA & IBRD),TSA,2016.0,71.5800297066357
Sub-Saharan Africa (IDA & IBRD countries),TSS,2016.0,61.671020912152
Trinidad and Tobago,TTO,2016.0,75.978
Tunisia,TUN,2016.0,77.588
Turkiye,TUR,2016.0,79.858
Tuvalu,TUV,2016.0,69.084
Tanzania,TZA,2016.0,66.844
Uganda,UGA,2016.0,67.102
Ukraine,UKR,2016.0,78.004
Upper middle income,UMC,2016.0,78.1706072457215
Uruguay,URY,2016.0,81.013
United States,USA,2016.0,81.1
Uzbekistan,UZB,2016.0,74.493
St. Vincent and the Grenadines,VCT,2016.0,73.654
"Venezuela, RB",VEN,2016.0,76.793
British Virgin Islands,VGB,2016.0,79.436
Virgin Islands (U.S.),VIR,2016.0,82.6
Viet Nam,VNM,2016.0,78.762
Vanuatu,VUT,2016.0,73.004
World,WLD,2016.0,74.6959665849422
Samoa,WSM,2016.0,73.092
Kosovo,XKX,2016.0,78.864
"Yemen, Rep.",YEM,2016.0,69.961
South Africa,ZAF,2016.0,67.916
Zambia,ZMB,2016.0,63.259
Zimbabwe,ZWE,2016.0,61.401
Aruba,ABW,2017.0,78.25
Africa Eastern and Southern,AFE,2017.0,65.0825533065014
Afghanistan,AFG,2017.0,65.606
Africa Western and Central,AFW,2017.0,57.6162278555628
Angola,AGO,2017.0,64.527
Albania,ALB,2017.0,80.795
Andorra,AND,2017.0,86.322
Arab World,ARB,2017.0,73.2310349975723
United Arab Emirates,ARE,2017.0,83.732
Argentina,ARG,2017.0,79.204
Armenia,ARM,2017.0,78.7
American Samoa,ASM,2017.0,75.588
Antigua and Barbuda,ATG,2017.0,79.88
Australia,AUS,2017.0,84.6
Austria,AUT,2017.0,84.0
Azerbaijan,AZE,2017.0,75.622
Burundi,BDI,2017.0,63.124
Belgium,BEL,2017.0,83.9
Benin,BEN,2017.0,60.632
Burkina Faso,BFA,2017.0,61.195
Bangladesh,BGD,2017.0,73.51
Bulgaria,BGR,2017.0,78.4
Bahrain,BHR,2017.0,81.478
"Bahamas, The",BHS,2017.0,77.725
Bosnia and Herzegovina,BIH,2017.0,80.086
Belarus,BLR,2017.0,79.2
Belize,BLZ,2017.0,75.217
Bermuda,BMU,2017.0,84.647
Bolivia,BOL,2017.0,69.951
Brazil,BRA,2017.0,78.781
Barbados,BRB,2017.0,78.296
Brunei Darussalam,BRN,2017.0,77.181
Bhutan,BTN,2017.0,73.246
Botswana,BWA,2017.0,67.612
Central African Republic,CAF,2017.0,50.067
Canada,CAN,2017.0,84.0
Central Europe and the Baltics,CEB,2017.0,80.6954574290558
Switzerland,CHE,2017.0,85.6
Channel Islands,CHI,2017.0,83.3
Chile,CHL,2017.0,82.783
China,CHN,2017.0,80.27
Cote d'Ivoire,CIV,2017.0,61.23
Cameroon,CMR,2017.0,62.856
"Congo, Dem. Rep.",COD,2017.0,61.307
"Congo, Rep.",COG,2017.0,65.709
Colombia,COL,2017.0,79.334
Comoros,COM,2017.0,67.053
Cabo Verde,CPV,2017.0,78.115
Costa Rica,CRI,2017.0,82.662
Caribbean small states,CSS,2017.0,75.4291116545964
Cuba,CUB,2017.0,79.791
Curacao,CUW,2017.0,80.442
Cayman Islands,CYM,2017.0,81.075
Cyprus,CYP,2017.0,83.871
Czechia,CZE,2017.0,82.0
Germany,DEU,2017.0,83.4
Djibouti,DJI,2017.0,66.172
Dominica,DMA,2017.0,70.937
Denmark,DNK,2017.0,83.1
Dominican Republic,DOM,2017.0,76.776
Algeria,DZA,2017.0,76.75
East Asia & Pacific (excluding high income),EAP,2017.0,78.243744430375
Early-demographic dividend,EAR,2017.0,72.3911822940031
East Asia & Pacific,EAS,2017.0,79.1057702757572
Europe & Central Asia (excluding high income),ECA,2017.0,77.9467556590561
Europe & Central Asia,ECS,2017.0,81.1716465596435
Ecuador,ECU,2017.0,78.589
"Egypt, Arab Rep.",EGY,2017.0,72.982
Euro area,EMU,2017.0,84.5218216677333
Eritrea,ERI,2017.0,68.656
Spain,ESP,2017.0,86.1
Estonia,EST,2017.0,82.6
Ethiopia,ETH,2017.0,67.746
European Union,EUU,2017.0,83.7457016779429
Fragile and conflict affected situations,FCS,2017.0,63.5034198862126
Finland,FIN,2017.0,84.5
Fiji,FJI,2017.0,69.313
France,FRA,2017.0,85.7
Faroe Islands,FRO,2017.0,84.3872
"Micronesia, Fed. Sts.",FSM,2017.0,68.84
Gabon,GAB,2017.0,69.181
United Kingdom,GBR,2017.0,83.1
Georgia,GEO,2017.0,78.194
Ghana,GHA,2017.0,65.788
Gibraltar,GIB,2017.0,85.516
Guinea,GIN,2017.0,59.919
"Gambia, The",GMB,2017.0,65.134
Guinea-Bissau,GNB,2017.0,63.246
Equatorial Guinea,GNQ,2017.0,63.263
Greece,GRC,2017.0,83.9
Grenada,GRD,2017.0,78.117
Greenland,GRL,2017.0,73.93
Guatemala,GTM,2017.0,74.108
Guam,GUM,2017.0,80.714
Guyana,GUY,2017.0,72.369
High income,HIC,2017.0,82.7558628923057
"Hong Kong SAR, China",HKG,2017.0,87.61
Honduras,HND,2017.0,74.385
Heavily indebted poor countries (HIPC),HPC,2017.0,64.5462851390504
Croatia,HRV,2017.0,80.8
Haiti,HTI,2017.0,66.688
Hungary,HUN,2017.0,79.3
IBRD only,IBD,2017.0,76.1668373484523
IDA & IBRD total,IBT,2017.0,73.3431262052838
IDA total,IDA,2017.0,65.3985758893796
IDA blend,IDB,2017.0,62.446899008748
Indonesia,IDN,2017.0,71.945
IDA only,IDX,2017.0,66.973904600555
Isle of Man,IMN,2017.0,82.326
India,IND,2017.0,71.632
Ireland,IRL,2017.0,84.0
"Iran, Islamic Rep.",IRN,2017.0,78.349
Iraq,IRQ,2017.0,72.475
Iceland,ISL,2017.0,84.3
Israel,ISR,2017.0,84.6
Italy,ITA,2017.0,85.2
Jamaica,JAM,2017.0,74.14
Jordan,JOR,2017.0,78.378
Japan,JPN,2017.0,87.26
Kazakhstan,KAZ,2017.0,77.215
Kenya,KEN,2017.0,64.933
Kyrgyz Republic,KGZ,2017.0,75.4
Cambodia,KHM,2017.0,72.198
Kiribati,KIR,2017.0,67.407
St. Kitts and Nevis,KNA,2017.0,75.264
"Korea, Rep.",KOR,2017.0,85.7
Kuwait,KWT,2017.0,81.236
Latin America & Caribbean (excluding high income),LAC,2017.0,77.6694389234192
Lao PDR,LAO,2017.0,69.561
Lebanon,LBN,2017.0,80.13
Liberia,LBR,2017.0,61.937
Libya,LBY,2017.0,75.875
St. Lucia,LCA,2017.0,76.156
Latin America & Caribbean,LCN,2017.0,77.8502242580295
Least developed countries: UN classification,LDC,2017.0,66.2977914412848
Low income,LIC,2017.0,63.9171910856288
Liechtenstein,LIE,2017.0,86.0
Sri Lanka,LKA,2017.0,79.592
Lower middle income,LMC,2017.0,69.912704167933
Low & middle income,LMY,2017.0,73.2105133600842
Lesotho,LSO,2017.0,56.269
Late-demographic dividend,LTE,2017.0,79.694444189565
Lithuania,LTU,2017.0,80.5
Luxembourg,LUX,2017.0,84.4
Latvia,LVA,2017.0,79.7
"Macao SAR, China",MAC,2017.0,86.6
St. Martin (French part),MAF,2017.0,82.251
Morocco,MAR,2017.0,75.553
Monaco,MCO,2017.0,88.357
Moldova,MDA,2017.0,74.892
Madagascar,MDG,2017.0,65.05
Maldives,MDV,2017.0,80.788
"Middle East, North Africa, Afghanistan & Pakistan",MEA,2017.0,72.9394908356558
Mexico,MEX,2017.0,76.972
Marshall Islands,MHL,2017.0,68.01
Middle income,MIC,2017.0,74.0828232998568
North Macedonia,MKD,2017.0,77.9
Mali,MLI,2017.0,59.671
Malta,MLT,2017.0,84.5
Myanmar,MMR,2017.0,68.918
"Middle East, North Africa, Afghanistan & Pakistan (excluding high income)",MNA,2017.0,72.2742156149164
Montenegro,MNE,2017.0,79.4
Mongolia,MNG,2017.0,75.44
Northern Mariana Islands,MNP,2017.0,79.506
Mozambique,MOZ,2017.0,62.33
Mauritania,MRT,2017.0,68.954
Mauritius,MUS,2017.0,77.89
Malawi,MWI,2017.0,67.064
Malaysia,MYS,2017.0,78.262
North America,NAC,2017.0,81.395525221152
Namibia,NAM,2017.0,65.099
New Caledonia,NCL,2017.0,80.287
Niger,NER,2017.0,60.409
Nigeria,NGA,2017.0,52.639
Nicaragua,NIC,2017.0,75.98
Netherlands,NLD,2017.0,83.4
Norway,NOR,2017.0,84.3
Nepal,NPL,2017.0,70.092
Nauru,NRU,2017.0,64.128
New Zealand,NZL,2017.0,83.6
OECD members,OED,2017.0,82.6306263919158
Oman,OMN,2017.0,81.669
Other small states,OSS,2017.0,74.7320121629158
Pakistan,PAK,2017.0,68.674
Panama,PAN,2017.0,80.866
Peru,PER,2017.0,78.264
Philippines,PHL,2017.0,73.421
Palau,PLW,2017.0,72.37
Papua New Guinea,PNG,2017.0,68.011
Poland,POL,2017.0,81.8
Pre-demographic dividend,PRE,2017.0,61.3008943041943
Puerto Rico (US),PRI,2017.0,82.225
"Korea, Dem. People's Rep.",PRK,2017.0,75.461
Portugal,PRT,2017.0,84.6
Paraguay,PRY,2017.0,76.648
West Bank and Gaza,PSE,2017.0,77.343
Pacific island small states,PSS,2017.0,70.6418854866438
Post-demographic dividend,PST,2017.0,83.3744335004435
French Polynesia,PYF,2017.0,85.386
Qatar,QAT,2017.0,83.51
Romania,ROU,2017.0,79.0
Russian Federation,RUS,2017.0,77.64
Rwanda,RWA,2017.0,68.245
South Asia,SAS,2017.0,71.9227090877332
Saudi Arabia,SAU,2017.0,80.429
Sudan,SDN,2017.0,68.024
Senegal,SEN,2017.0,68.895
Singapore,SGP,2017.0,85.4
Solomon Islands,SLB,2017.0,71.118
Sierra Leone,SLE,2017.0,58.804
El Salvador,SLV,2017.0,75.811
San Marino,SMR,2017.0,86.525
"Somalia, Fed. Rep.",SOM,2017.0,54.275
Serbia,SRB,2017.0,78.1
Sub-Saharan Africa (excluding high income),SSA,2017.0,61.4304535303823
South Sudan,SSD,2017.0,38.675
Sub-Saharan Africa,SSF,2017.0,62.067892433918
Small states,SST,2017.0,74.3540432952322
Sao Tome and Principe,STP,2017.0,70.628
Suriname,SUR,2017.0,74.53
Slovak Republic,SVK,2017.0,80.7
Slovenia,SVN,2017.0,84.0
Sweden,SWE,2017.0,84.1
Eswatini,SWZ,2017.0,60.197
Sint Maarten (Dutch part),SXM,2017.0,78.309
Seychelles,SYC,2017.0,78.5
Syrian Arab Republic,SYR,2017.0,71.877
Turks and Caicos Islands,TCA,2017.0,79.771
Chad,TCD,2017.0,53.266
East Asia & Pacific (IDA & IBRD countries),TEA,2017.0,78.2795646454919
Europe & Central Asia (IDA & IBRD countries),TEC,2017.0,78.2391606607161
Togo,TGO,2017.0,60.394
Thailand,THA,2017.0,81.383
Tajikistan,TJK,2017.0,72.717
Turkmenistan,TKM,2017.0,72.172
Latin America & the Caribbean (IDA & IBRD countries),TLA,2017.0,77.7873103074233
Timor-Leste,TLS,2017.0,67.609
"Middle East, North Africa, Afghanistan & Pakistan (IDA & IBRD)",TMN,2017.0,72.2387732439968
Tonga,TON,2017.0,75.784
South Asia (IDA & IBRD),TSA,2017.0,71.9227090877332
Sub-Saharan Africa (IDA & IBRD countries),TSS,2017.0,62.067892433918
Trinidad and Tobago,TTO,2017.0,76.038
Tunisia,TUN,2017.0,77.798
Turkiye,TUR,2017.0,80.252
Tuvalu,TUV,2017.0,69.273
Tanzania,TZA,2017.0,67.57
Uganda,UGA,2017.0,67.823
Ukraine,UKR,2017.0,78.55
Upper middle income,UMC,2017.0,78.3955449783535
Uruguay,URY,2017.0,81.204
United States,USA,2017.0,81.1
Uzbekistan,UZB,2017.0,74.794
St. Vincent and the Grenadines,VCT,2017.0,74.177
"Venezuela, RB",VEN,2017.0,76.306
British Virgin Islands,VGB,2017.0,78.199
Virgin Islands (U.S.),VIR,2017.0,82.8
Viet Nam,VNM,2017.0,78.79
Vanuatu,VUT,2017.0,73.017
World,WLD,2017.0,74.9001171070527
Samoa,WSM,2017.0,73.014
Kosovo,XKX,2017.0,79.056
"Yemen, Rep.",YEM,2017.0,70.122
South Africa,ZAF,2017.0,68.58
Zambia,ZMB,2017.0,63.863
Zimbabwe,ZWE,2017.0,62.016
Aruba,ABW,2018.0,78.708
Africa Eastern and Southern,AFE,2018.0,65.8727615555546
Afghanistan,AFG,2018.0,65.942
Africa Western and Central,AFW,2018.0,58.0296793848087
Angola,AGO,2018.0,65.057
Albania,ALB,2018.0,81.001
Andorra,AND,2018.0,86.196
Arab World,ARB,2018.0,73.5098368993471
United Arab Emirates,ARE,2018.0,83.912
Argentina,ARG,2018.0,79.505
Armenia,ARM,2018.0,79.0
American Samoa,ASM,2018.0,75.687
Antigua and Barbuda,ATG,2018.0,79.887
Australia,AUS,2018.0,84.9
Austria,AUT,2018.0,84.1
Azerbaijan,AZE,2018.0,75.946
Burundi,BDI,2018.0,63.615
Belgium,BEL,2018.0,83.9
Benin,BEN,2018.0,60.752
Burkina Faso,BFA,2018.0,61.604
Bangladesh,BGD,2018.0,73.953
Bulgaria,BGR,2018.0,78.6
Bahrain,BHR,2018.0,81.507
"Bahamas, The",BHS,2018.0,77.731
Bosnia and Herzegovina,BIH,2018.0,81.435
Belarus,BLR,2018.0,79.4
Belize,BLZ,2018.0,75.45
Bermuda,BMU,2018.0,84.842
Bolivia,BOL,2018.0,70.132
Brazil,BRA,2018.0,78.977
Barbados,BRB,2018.0,78.427
Brunei Darussalam,BRN,2018.0,77.23
Bhutan,BTN,2018.0,73.585
Botswana,BWA,2018.0,68.696
Central African Republic,CAF,2018.0,55.201
Canada,CAN,2018.0,83.96
Central Europe and the Baltics,CEB,2018.0,80.7834058744221
Switzerland,CHE,2018.0,85.7
Channel Islands,CHI,2018.0,83.5
Chile,CHL,2018.0,82.776
China,CHN,2018.0,80.573
Cote d'Ivoire,CIV,2018.0,61.756
Cameroon,CMR,2018.0,63.334
"Congo, Dem. Rep.",COD,2018.0,61.816
"Congo, Rep.",COG,2018.0,66.017
Colombia,COL,2018.0,79.517
Comoros,COM,2018.0,67.392
Cabo Verde,CPV,2018.0,78.239
Costa Rica,CRI,2018.0,82.961
Caribbean small states,CSS,2018.0,75.541722782931
Cuba,CUB,2018.0,79.899
Curacao,CUW,2018.0,80.507
Cayman Islands,CYM,2018.0,81.291
Cyprus,CYP,2018.0,83.765
Czechia,CZE,2018.0,82.0
Germany,DEU,2018.0,83.3
Djibouti,DJI,2018.0,66.592
Dominica,DMA,2018.0,74.421
Denmark,DNK,2018.0,82.9
Dominican Republic,DOM,2018.0,76.936
Algeria,DZA,2018.0,76.928
East Asia & Pacific (excluding high income),EAP,2018.0,78.4540320912185
Early-demographic dividend,EAR,2018.0,72.6566281887762
East Asia & Pacific,EAS,2018.0,79.3002101784609
Europe & Central Asia (excluding high income),ECA,2018.0,78.1774842030661
Europe & Central Asia,ECS,2018.0,81.3147943277948
Ecuador,ECU,2018.0,79.877
"Egypt, Arab Rep.",EGY,2018.0,73.209
Euro area,EMU,2018.0,84.6445512895033
Eritrea,ERI,2018.0,69.035
Spain,ESP,2018.0,86.3
Estonia,EST,2018.0,82.7
Ethiopia,ETH,2018.0,68.298
European Union,EUU,2018.0,83.8568175502211
Fragile and conflict affected situations,FCS,2018.0,64.0315622301149
Finland,FIN,2018.0,84.5
Fiji,FJI,2018.0,69.014
France,FRA,2018.0,85.8
Faroe Islands,FRO,2018.0,84.4703
"Micronesia, Fed. Sts.",FSM,2018.0,69.151
Gabon,GAB,2018.0,69.421
United Kingdom,GBR,2018.0,83.1
Georgia,GEO,2018.0,78.75
Ghana,GHA,2018.0,66.164
Gibraltar,GIB,2018.0,85.649
Guinea,GIN,2018.0,60.217
"Gambia, The",GMB,2018.0,65.516
Guinea-Bissau,GNB,2018.0,63.77
Equatorial Guinea,GNQ,2018.0,63.718
Greece,GRC,2018.0,84.4
Grenada,GRD,2018.0,78.168
Greenland,GRL,2018.0,73.84
Guatemala,GTM,2018.0,73.817
Guam,GUM,2018.0,80.824
Guyana,GUY,2018.0,72.615
High income,HIC,2018.0,82.8679991302601
"Hong Kong SAR, China",HKG,2018.0,87.61
Honduras,HND,2018.0,74.6
Heavily indebted poor countries (HIPC),HPC,2018.0,65.0918545748426
Croatia,HRV,2018.0,81.3
Haiti,HTI,2018.0,66.988
Hungary,HUN,2018.0,79.6
IBRD only,IBD,2018.0,76.4046883845135
IDA & IBRD total,IBT,2018.0,73.6192943703806
IDA total,IDA,2018.0,65.8834514670944
IDA blend,IDB,2018.0,62.7183670145085
Indonesia,IDN,2018.0,72.113
IDA only,IDX,2018.0,67.5686069536808
Isle of Man,IMN,2018.0,82.546
India,IND,2018.0,71.963
Ireland,IRL,2018.0,84.1
"Iran, Islamic Rep.",IRN,2018.0,78.612
Iraq,IRQ,2018.0,72.842
Iceland,ISL,2018.0,84.5
Israel,ISR,2018.0,84.8
Italy,ITA,2018.0,85.6
Jamaica,JAM,2018.0,74.038
Jordan,JOR,2018.0,78.834
Japan,JPN,2018.0,87.32
Kazakhstan,KAZ,2018.0,77.503
Kenya,KEN,2018.0,65.003
Kyrgyz Republic,KGZ,2018.0,75.6
Cambodia,KHM,2018.0,72.389
Kiribati,KIR,2018.0,67.436
St. Kitts and Nevis,KNA,2018.0,75.327
"Korea, Rep.",KOR,2018.0,85.7
Kuwait,KWT,2018.0,81.435
Latin America & Caribbean (excluding high income),LAC,2018.0,77.8701505591642
Lao PDR,LAO,2018.0,69.815
Lebanon,LBN,2018.0,80.093
Liberia,LBR,2018.0,62.173
Libya,LBY,2018.0,76.17
St. Lucia,LCA,2018.0,76.271
Latin America & Caribbean,LCN,2018.0,78.0639488923239
Least developed countries: UN classification,LDC,2018.0,66.925117862847
Low income,LIC,2018.0,64.7350165106469
Liechtenstein,LIE,2018.0,85.5
Sri Lanka,LKA,2018.0,79.812
Lower middle income,LMC,2018.0,70.1794815104495
Low & middle income,LMY,2018.0,73.4912601874014
Lesotho,LSO,2018.0,57.055
Late-demographic dividend,LTE,2018.0,79.9502913569721
Lithuania,LTU,2018.0,80.7
Luxembourg,LUX,2018.0,84.6
Latvia,LVA,2018.0,79.7
"Macao SAR, China",MAC,2018.0,86.7
St. Martin (French part),MAF,2018.0,83.849
Morocco,MAR,2018.0,75.994
Monaco,MCO,2018.0,88.369
Moldova,MDA,2018.0,74.665
Madagascar,MDG,2018.0,65.102
Maldives,MDV,2018.0,81.136
"Middle East, North Africa, Afghanistan & Pakistan",MEA,2018.0,73.1639393673421
Mexico,MEX,2018.0,77.13
Marshall Islands,MHL,2018.0,68.227
Middle income,MIC,2018.0,74.3271399944312
North Macedonia,MKD,2018.0,78.8
Mali,MLI,2018.0,60.064
Malta,MLT,2018.0,84.4
Myanmar,MMR,2018.0,69.224
"Middle East, North Africa, Afghanistan & Pakistan (excluding high income)",MNA,2018.0,72.5102309625214
Montenegro,MNE,2018.0,80.6
Mongolia,MNG,2018.0,75.78
Northern Mariana Islands,MNP,2018.0,79.474
Mozambique,MOZ,2018.0,63.093
Mauritania,MRT,2018.0,69.258
Mauritius,MUS,2018.0,77.72
Malawi,MWI,2018.0,67.918
Malaysia,MYS,2018.0,78.431
North America,NAC,2018.0,81.4835096478484
Namibia,NAM,2018.0,66.183
New Caledonia,NCL,2018.0,80.368
Niger,NER,2018.0,60.658
Nigeria,NGA,2018.0,52.914
Nicaragua,NIC,2018.0,76.628
Netherlands,NLD,2018.0,83.4
Norway,NOR,2018.0,84.5
Nepal,NPL,2018.0,70.422
Nauru,NRU,2018.0,64.093
New Zealand,NZL,2018.0,83.5
OECD members,OED,2018.0,82.7339360063398
Oman,OMN,2018.0,81.793
Other small states,OSS,2018.0,75.0229509548802
Pakistan,PAK,2018.0,68.938
Panama,PAN,2018.0,81.412
Peru,PER,2018.0,78.259
Philippines,PHL,2018.0,72.807
Palau,PLW,2018.0,72.192
Papua New Guinea,PNG,2018.0,68.167
Poland,POL,2018.0,81.7
Pre-demographic dividend,PRE,2018.0,61.9676799538163
Puerto Rico (US),PRI,2018.0,84.616
"Korea, Dem. People's Rep.",PRK,2018.0,75.64
Portugal,PRT,2018.0,84.5
Paraguay,PRY,2018.0,76.745
West Bank and Gaza,PSE,2018.0,77.609
Pacific island small states,PSS,2018.0,70.6150544766737
Post-demographic dividend,PST,2018.0,83.4579009867053
French Polynesia,PYF,2018.0,85.572
Qatar,QAT,2018.0,83.8
Romania,ROU,2018.0,79.2
Russian Federation,RUS,2018.0,77.82
Rwanda,RWA,2018.0,68.421
South Asia,SAS,2018.0,72.2636397195214
Saudi Arabia,SAU,2018.0,80.543
Sudan,SDN,2018.0,68.381
Senegal,SEN,2018.0,69.243
Singapore,SGP,2018.0,85.5
Solomon Islands,SLB,2018.0,71.231
Sierra Leone,SLE,2018.0,60.251
El Salvador,SLV,2018.0,75.944
San Marino,SMR,2018.0,86.648
"Somalia, Fed. Rep.",SOM,2018.0,56.911
Serbia,SRB,2018.0,78.4
Sub-Saharan Africa (excluding high income),SSA,2018.0,62.082135233925
South Sudan,SSD,2018.0,54.673
Sub-Saharan Africa,SSF,2018.0,62.709877367141
Small states,SST,2018.0,74.5587062327793
Sao Tome and Principe,STP,2018.0,71.335
Suriname,SUR,2018.0,74.798
Slovak Republic,SVK,2018.0,80.8
Slovenia,SVN,2018.0,84.4
Sweden,SWE,2018.0,84.3
Eswatini,SWZ,2018.0,61.391
Sint Maarten (Dutch part),SXM,2018.0,78.595
Seychelles,SYC,2018.0,77.4
Syrian Arab Republic,SYR,2018.0,72.185
Turks and Caicos Islands,TCA,2018.0,79.879
Chad,TCD,2018.0,53.903
East Asia & Pacific (IDA & IBRD countries),TEA,2018.0,78.490139030021
Europe & Central Asia (IDA & IBRD countries),TEC,2018.0,78.4250420353893
Togo,TGO,2018.0,60.782
Thailand,THA,2018.0,81.629
Tajikistan,TJK,2018.0,72.974
Turkmenistan,TKM,2018.0,72.231
Latin America & the Caribbean (IDA & IBRD countries),TLA,2018.0,77.9924168111689
Timor-Leste,TLS,2018.0,67.955
"Middle East, North Africa, Afghanistan & Pakistan (IDA & IBRD)",TMN,2018.0,72.4743341977644
Tonga,TON,2018.0,75.873
South Asia (IDA & IBRD),TSA,2018.0,72.2636397195214
Sub-Saharan Africa (IDA & IBRD countries),TSS,2018.0,62.709877367141
Trinidad and Tobago,TTO,2018.0,75.896
Tunisia,TUN,2018.0,78.007
Turkiye,TUR,2018.0,80.634
Tuvalu,TUV,2018.0,69.511
Tanzania,TZA,2018.0,68.251
Uganda,UGA,2018.0,68.473
Ukraine,UKR,2018.0,78.326
Upper middle income,UMC,2018.0,78.6452075637464
Uruguay,URY,2018.0,81.501
United States,USA,2018.0,81.2
Uzbekistan,UZB,2018.0,75.174
St. Vincent and the Grenadines,VCT,2018.0,74.166
"Venezuela, RB",VEN,2018.0,76.554
British Virgin Islands,VGB,2018.0,79.556
Virgin Islands (U.S.),VIR,2018.0,82.9
Viet Nam,VNM,2018.0,78.863
Vanuatu,VUT,2018.0,73.147
World,WLD,2018.0,75.1392360118764
Samoa,WSM,2018.0,73.028
Kosovo,XKX,2018.0,79.177
"Yemen, Rep.",YEM,2018.0,69.883
South Africa,ZAF,2018.0,68.906
Zambia,ZMB,2018.0,64.533
Zimbabwe,ZWE,2018.0,62.741
Aruba,ABW,2019.0,78.814
Africa Eastern and Southern,AFE,2019.0,66.4344358211937
Afghanistan,AFG,2019.0,66.144
Africa Western and Central,AFW,2019.0,58.2048173263905
Angola,AGO,2019.0,65.506
Albania,ALB,2019.0,81.06
Andorra,AND,2019.0,86.101
Arab World,ARB,2019.0,73.8579252362595
United Arab Emirates,ARE,2019.0,84.047
Argentina,ARG,2019.0,79.439
Armenia,ARM,2019.0,79.5
American Samoa,ASM,2019.0,75.723
Antigua and Barbuda,ATG,2019.0,79.844
Australia,AUS,2019.0,85.0
Austria,AUT,2019.0,84.2
Azerbaijan,AZE,2019.0,76.235
Burundi,BDI,2019.0,64.028
Belgium,BEL,2019.0,84.3
Benin,BEN,2019.0,61.069
Burkina Faso,BFA,2019.0,61.948
Bangladesh,BGD,2019.0,74.399
Bulgaria,BGR,2019.0,78.8
Bahrain,BHR,2019.0,81.54
"Bahamas, The",BHS,2019.0,74.176
Bosnia and Herzegovina,BIH,2019.0,80.463
Belarus,BLR,2019.0,79.4
Belize,BLZ,2019.0,75.668
Bermuda,BMU,2019.0,85.033
Bolivia,BOL,2019.0,70.266
Brazil,BRA,2019.0,79.023
Barbados,BRB,2019.0,78.536
Brunei Darussalam,BRN,2019.0,77.286
Bhutan,BTN,2019.0,73.898
Botswana,BWA,2019.0,69.585
Central African Republic,CAF,2019.0,38.771
Canada,CAN,2019.0,84.32
Central Europe and the Baltics,CEB,2019.0,81.0158275787815
Switzerland,CHE,2019.0,85.8
Channel Islands,CHI,2019.0,83.4
Chile,CHL,2019.0,82.549
China,CHN,2019.0,80.747
Cote d'Ivoire,CIV,2019.0,62.295
Cameroon,CMR,2019.0,63.825
"Congo, Dem. Rep.",COD,2019.0,62.153
"Congo, Rep.",COG,2019.0,64.633
Colombia,COL,2019.0,79.695
Comoros,COM,2019.0,67.683
Cabo Verde,CPV,2019.0,78.686
Costa Rica,CRI,2019.0,82.963
Caribbean small states,CSS,2019.0,75.34883419315
Cuba,CUB,2019.0,79.913
Curacao,CUW,2019.0,80.573
Cayman Islands,CYM,2019.0,81.568
Cyprus,CYP,2019.0,83.633
Czechia,CZE,2019.0,82.2
Germany,DEU,2019.0,83.7
Djibouti,DJI,2019.0,66.863
Dominica,DMA,2019.0,74.508
Denmark,DNK,2019.0,83.5
Dominican Republic,DOM,2019.0,76.448
Algeria,DZA,2019.0,77.091
East Asia & Pacific (excluding high income),EAP,2019.0,78.6154262285222
Early-demographic dividend,EAR,2019.0,72.9419717954479
East Asia & Pacific,EAS,2019.0,79.4683240281238
Europe & Central Asia (excluding high income),ECA,2019.0,78.3991325468605
Europe & Central Asia,ECS,2019.0,81.5643856711982
Ecuador,ECU,2019.0,79.975
"Egypt, Arab Rep.",EGY,2019.0,73.415
Euro area,EMU,2019.0,84.8942592020723
Eritrea,ERI,2019.0,69.36
Spain,ESP,2019.0,86.7
Estonia,EST,2019.0,83.0
Ethiopia,ETH,2019.0,68.863
European Union,EUU,2019.0,84.1126372113558
Fragile and conflict affected situations,FCS,2019.0,64.3646434645159
Finland,FIN,2019.0,84.8
Fiji,FJI,2019.0,68.992
France,FRA,2019.0,85.9
Faroe Islands,FRO,2019.0,84.5508
"Micronesia, Fed. Sts.",FSM,2019.0,69.548
Gabon,GAB,2019.0,69.764
United Kingdom,GBR,2019.0,83.275
Georgia,GEO,2019.0,78.888
Ghana,GHA,2019.0,66.574
Gibraltar,GIB,2019.0,85.79
Guinea,GIN,2019.0,60.529
"Gambia, The",GMB,2019.0,65.927
Guinea-Bissau,GNB,2019.0,64.305
Equatorial Guinea,GNQ,2019.0,64.144
Greece,GRC,2019.0,84.2
Grenada,GRD,2019.0,78.194
Greenland,GRL,2019.0,73.96
Guatemala,GTM,2019.0,74.018
Guam,GUM,2019.0,80.892
Guyana,GUY,2019.0,72.848
High income,HIC,2019.0,83.1004742414648
"Hong Kong SAR, China",HKG,2019.0,88.06
Honduras,HND,2019.0,74.726
Heavily indebted poor countries (HIPC),HPC,2019.0,65.442625722828
Croatia,HRV,2019.0,81.4
Haiti,HTI,2019.0,67.29
Hungary,HUN,2019.0,79.7
IBRD only,IBD,2019.0,76.6127007538138
IDA & IBRD total,IBT,2019.0,73.8381710806263
IDA total,IDA,2019.0,66.2385406495926
IDA blend,IDB,2019.0,62.9813046919334
Indonesia,IDN,2019.0,72.389
IDA only,IDX,2019.0,67.967626061388
Isle of Man,IMN,2019.0,82.778
India,IND,2019.0,72.287
Ireland,IRL,2019.0,84.7
"Iran, Islamic Rep.",IRN,2019.0,78.832
Iraq,IRQ,2019.0,73.01
Iceland,ISL,2019.0,84.7
Israel,ISR,2019.0,84.7
Italy,ITA,2019.0,85.7
Jamaica,JAM,2019.0,74.008
Jordan,JOR,2019.0,79.231
Japan,JPN,2019.0,87.45
Kazakhstan,KAZ,2019.0,77.743
Kenya,KEN,2019.0,65.1
Kyrgyz Republic,KGZ,2019.0,75.8
Cambodia,KHM,2019.0,72.561
Kiribati,KIR,2019.0,67.498
St. Kitts and Nevis,KNA,2019.0,75.476
"Korea, Rep.",KOR,2019.0,86.3
Kuwait,KWT,2019.0,83.03
Latin America & Caribbean (excluding high income),LAC,2019.0,77.9865239128618
Lao PDR,LAO,2019.0,70.156
Lebanon,LBN,2019.0,80.048
Liberia,LBR,2019.0,62.437
Libya,LBY,2019.0,76.203
St. Lucia,LCA,2019.0,76.089
Latin America & Caribbean,LCN,2019.0,78.1712167613133
Least developed countries: UN classification,LDC,2019.0,67.3142843895276
Low income,LIC,2019.0,65.1550222976508
Liechtenstein,LIE,2019.0,85.8
Sri Lanka,LKA,2019.0,79.888
Lower middle income,LMC,2019.0,70.4565230547963
Low & middle income,LMY,2019.0,73.7067921926255
Lesotho,LSO,2019.0,57.674
Late-demographic dividend,LTE,2019.0,80.1235772072837
Lithuania,LTU,2019.0,81.2
Luxembourg,LUX,2019.0,85.2
Latvia,LVA,2019.0,80.1
"Macao SAR, China",MAC,2019.0,86.9
St. Martin (French part),MAF,2019.0,83.843
Morocco,MAR,2019.0,76.391
Monaco,MCO,2019.0,88.323
Moldova,MDA,2019.0,74.622
Madagascar,MDG,2019.0,65.142
Maldives,MDV,2019.0,81.514
"Middle East, North Africa, Afghanistan & Pakistan",MEA,2019.0,73.4196229728458
Mexico,MEX,2019.0,77.422
Marshall Islands,MHL,2019.0,68.448
Middle income,MIC,2019.0,74.5381666155059
North Macedonia,MKD,2019.0,78.6
Mali,MLI,2019.0,60.424
Malta,MLT,2019.0,84.4
Myanmar,MMR,2019.0,69.478
"Middle East, North Africa, Afghanistan & Pakistan (excluding high income)",MNA,2019.0,72.7830182850152
Montenegro,MNE,2019.0,79.5
Mongolia,MNG,2019.0,75.96
Northern Mariana Islands,MNP,2019.0,79.817
Mozambique,MOZ,2019.0,63.736
Mauritania,MRT,2019.0,69.518
Mauritius,MUS,2019.0,77.56
Malawi,MWI,2019.0,68.428
Malaysia,MYS,2019.0,78.604
North America,NAC,2019.0,81.7025150233
Namibia,NAM,2019.0,67.299
New Caledonia,NCL,2019.0,80.498
Niger,NER,2019.0,60.947
Nigeria,NGA,2019.0,53.24
Nicaragua,NIC,2019.0,76.416
Netherlands,NLD,2019.0,83.7
Norway,NOR,2019.0,84.7
Nepal,NPL,2019.0,70.7
Nauru,NRU,2019.0,64.05
New Zealand,NZL,2019.0,83.9
OECD members,OED,2019.0,82.9543623277063
Oman,OMN,2019.0,81.873
Other small states,OSS,2019.0,75.2180397347426
Pakistan,PAK,2019.0,69.2
Panama,PAN,2019.0,81.567
Peru,PER,2019.0,78.576
Philippines,PHL,2019.0,72.702
Palau,PLW,2019.0,72.041
Papua New Guinea,PNG,2019.0,68.43
Poland,POL,2019.0,81.9
Pre-demographic dividend,PRE,2019.0,62.3517998532734
Puerto Rico (US),PRI,2019.0,85.14
"Korea, Dem. People's Rep.",PRK,2019.0,75.863
Portugal,PRT,2019.0,84.8
Paraguay,PRY,2019.0,76.796
West Bank and Gaza,PSE,2019.0,78.092
Pacific island small states,PSS,2019.0,70.6340150829173
Post-demographic dividend,PST,2019.0,83.6910727929423
French Polynesia,PYF,2019.0,85.759
Qatar,QAT,2019.0,84.064
Romania,ROU,2019.0,79.5
Russian Federation,RUS,2019.0,78.17
Rwanda,RWA,2019.0,68.809
South Asia,SAS,2019.0,72.5953541063795
Saudi Arabia,SAU,2019.0,80.375
Sudan,SDN,2019.0,68.642
Senegal,SEN,2019.0,69.574
Singapore,SGP,2019.0,85.9
Solomon Islands,SLB,2019.0,71.362
Sierra Leone,SLE,2019.0,60.871
El Salvador,SLV,2019.0,75.979
San Marino,SMR,2019.0,86.787
"Somalia, Fed. Rep.",SOM,2019.0,59.31
Serbia,SRB,2019.0,78.6
Sub-Saharan Africa (excluding high income),SSA,2019.0,62.4756012387088
South Sudan,SSD,2019.0,60.474
Sub-Saharan Africa,SSF,2019.0,63.1214017058456
Small states,SST,2019.0,74.6383638237909
Sao Tome and Principe,STP,2019.0,71.865
Suriname,SUR,2019.0,75.08
Slovak Republic,SVK,2019.0,81.2
Slovenia,SVN,2019.0,84.5
Sweden,SWE,2019.0,84.8
Eswatini,SWZ,2019.0,62.541
Sint Maarten (Dutch part),SXM,2019.0,78.577
Seychelles,SYC,2019.0,78.4
Syrian Arab Republic,SYR,2019.0,74.253
Turks and Caicos Islands,TCA,2019.0,79.966
Chad,TCD,2019.0,54.583
East Asia & Pacific (IDA & IBRD countries),TEA,2019.0,78.6506549271536
Europe & Central Asia (IDA & IBRD countries),TEC,2019.0,78.6867716632595
Togo,TGO,2019.0,61.204
Thailand,THA,2019.0,81.763
Tajikistan,TJK,2019.0,73.182
Turkmenistan,TKM,2019.0,72.309
Latin America & the Caribbean (IDA & IBRD countries),TLA,2019.0,78.1019526424818
Timor-Leste,TLS,2019.0,68.285
"Middle East, North Africa, Afghanistan & Pakistan (IDA & IBRD)",TMN,2019.0,72.7453994561589
Tonga,TON,2019.0,75.965
South Asia (IDA & IBRD),TSA,2019.0,72.5953541063795
Sub-Saharan Africa (IDA & IBRD countries),TSS,2019.0,63.1214017058456
Trinidad and Tobago,TTO,2019.0,76.034
Tunisia,TUN,2019.0,78.259
Turkiye,TUR,2019.0,80.89
Tuvalu,TUV,2019.0,69.735
Tanzania,TZA,2019.0,68.916
Uganda,UGA,2019.0,69.13
Ukraine,UKR,2019.0,78.73
Upper middle income,UMC,2019.0,78.8174578282194
Uruguay,URY,2019.0,81.293
United States,USA,2019.0,81.4
Uzbekistan,UZB,2019.0,75.374
St. Vincent and the Grenadines,VCT,2019.0,73.993
"Venezuela, RB",VEN,2019.0,76.677
British Virgin Islands,VGB,2019.0,79.646
Virgin Islands (U.S.),VIR,2019.0,83.1
Viet Nam,VNM,2019.0,78.972
Vanuatu,VUT,2019.0,73.292
World,WLD,2019.0,75.3486792525134
Samoa,WSM,2019.0,72.195
Kosovo,XKX,2019.0,79.363
"Yemen, Rep.",YEM,2019.0,70.061
South Africa,ZAF,2019.0,69.216
Zambia,ZMB,2019.0,65.44
Zimbabwe,ZWE,2019.0,63.049
Aruba,ABW,2020.0,78.333
Africa Eastern and Southern,AFE,2020.0,66.5366715848665
Afghanistan,AFG,2020.0,64.656
Africa Western and Central,AFW,2020.0,58.5536862406846
Angola,AGO,2020.0,65.774
Albania,ALB,2020.0,80.345
Andorra,AND,2020.0,83.84
Arab World,ARB,2020.0,72.9544176966871
United Arab Emirates,ARE,2020.0,83.9
Argentina,ARG,2020.0,78.783
Armenia,ARM,2020.0,78.6
American Samoa,ASM,2020.0,75.682
Antigua and Barbuda,ATG,2020.0,79.813
Australia,AUS,2020.0,85.3
Austria,AUT,2020.0,83.6
Azerbaijan,AZE,2020.0,73.799
Burundi,BDI,2020.0,64.58
Belgium,BEL,2020.0,83.0
Benin,BEN,2020.0,61.569
Burkina Faso,BFA,2020.0,62.314
Bangladesh,BGD,2020.0,73.428
Bulgaria,BGR,2020.0,77.3
Bahrain,BHR,2020.0,80.954
"Bahamas, The",BHS,2020.0,76.788
Bosnia and Herzegovina,BIH,2020.0,79.393
Belarus,BLR,2020.0,77.428
Belize,BLZ,2020.0,74.463
Bermuda,BMU,2020.0,85.195
Bolivia,BOL,2020.0,67.126
Brazil,BRA,2020.0,77.599
Barbados,BRB,2020.0,78.649
Brunei Darussalam,BRN,2020.0,77.35
Bhutan,BTN,2020.0,74.191
Botswana,BWA,2020.0,70.358
Central African Republic,CAF,2020.0,54.011
Canada,CAN,2020.0,83.84
Central Europe and the Baltics,CEB,2020.0,79.9030695131993
Switzerland,CHE,2020.0,85.1
Channel Islands,CHI,2020.0,83.2
Chile,CHL,2020.0,82.031
China,CHN,2020.0,80.999
Cote d'Ivoire,CIV,2020.0,62.336
Cameroon,CMR,2020.0,63.976
"Congo, Dem. Rep.",COD,2020.0,62.535
"Congo, Rep.",COG,2020.0,66.161
Colombia,COL,2020.0,78.23
Comoros,COM,2020.0,68.0
Cabo Verde,CPV,2020.0,78.007
Costa Rica,CRI,2020.0,82.754
Caribbean small states,CSS,2020.0,75.4857957552559
Cuba,CUB,2020.0,79.939
Curacao,CUW,2020.0,80.606
Cayman Islands,CYM,2020.0,81.825
Cyprus,CYP,2020.0,83.652
Czechia,CZE,2020.0,81.3
Germany,DEU,2020.0,83.5
Djibouti,DJI,2020.0,66.847
Dominica,DMA,2020.0,74.591
Denmark,DNK,2020.0,83.6
Dominican Republic,DOM,2020.0,76.717
Algeria,DZA,2020.0,74.943
East Asia & Pacific (excluding high income),EAP,2020.0,78.6850460209711
Early-demographic dividend,EAR,2020.0,72.2128391946792
East Asia & Pacific,EAS,2020.0,79.5533224505895
Europe & Central Asia (excluding high income),ECA,2020.0,77.2593636503747
Europe & Central Asia,ECS,2020.0,80.5103257029026
Ecuador,ECU,2020.0,75.876
"Egypt, Arab Rep.",EGY,2020.0,71.958
Euro area,EMU,2020.0,84.1495877851463
Eritrea,ERI,2020.0,69.264
Spain,ESP,2020.0,85.1
Estonia,EST,2020.0,83.0
Ethiopia,ETH,2020.0,69.368
European Union,EUU,2020.0,83.3021408381401
Fragile and conflict affected situations,FCS,2020.0,64.4452068656149
Finland,FIN,2020.0,84.8
Fiji,FJI,2020.0,69.322
France,FRA,2020.0,85.3
Faroe Islands,FRO,2020.0,84.6303
"Micronesia, Fed. Sts.",FSM,2020.0,69.659
Gabon,GAB,2020.0,69.716
United Kingdom,GBR,2020.0,82.4
Georgia,GEO,2020.0,78.254
Ghana,GHA,2020.0,66.671
Gibraltar,GIB,2020.0,85.69
Guinea,GIN,2020.0,60.654
"Gambia, The",GMB,2020.0,66.122
Guinea-Bissau,GNB,2020.0,63.684
Equatorial Guinea,GNQ,2020.0,64.222
Greece,GRC,2020.0,83.9
Grenada,GRD,2020.0,78.207
Greenland,GRL,2020.0,73.77
Guatemala,GTM,2020.0,73.169
Guam,GUM,2020.0,80.254
Guyana,GUY,2020.0,71.884
High income,HIC,2020.0,82.2392728197936
"Hong Kong SAR, China",HKG,2020.0,87.75
Honduras,HND,2020.0,73.814
Heavily indebted poor countries (HIPC),HPC,2020.0,65.6389186558497
Croatia,HRV,2020.0,80.7
Haiti,HTI,2020.0,67.03
Hungary,HUN,2020.0,78.8
IBRD only,IBD,2020.0,76.0694123568993
IDA & IBRD total,IBT,2020.0,73.3837408556596
IDA total,IDA,2020.0,66.1360937158695
IDA blend,IDB,2020.0,62.6793953412343
Indonesia,IDN,2020.0,71.097
IDA only,IDX,2020.0,67.9661709817047
Isle of Man,IMN,2020.0,82.739
India,IND,2020.0,71.938
Ireland,IRL,2020.0,84.3
"Iran, Islamic Rep.",IRN,2020.0,76.238
Iraq,IRQ,2020.0,72.294
Iceland,ISL,2020.0,84.6
Israel,ISR,2020.0,84.8
Italy,ITA,2020.0,84.5
Jamaica,JAM,2020.0,74.014
Jordan,JOR,2020.0,78.252
Japan,JPN,2020.0,87.71
Kazakhstan,KAZ,2020.0,75.468
Kenya,KEN,2020.0,64.24
Kyrgyz Republic,KGZ,2020.0,76.0
Cambodia,KHM,2020.0,72.657
Kiribati,KIR,2020.0,67.129
St. Kitts and Nevis,KNA,2020.0,75.384
"Korea, Rep.",KOR,2020.0,86.5
Kuwait,KWT,2020.0,80.4
Latin America & Caribbean (excluding high income),LAC,2020.0,76.2449791783008
Lao PDR,LAO,2020.0,71.045
Lebanon,LBN,2020.0,78.669
Liberia,LBR,2020.0,62.624
Libya,LBY,2020.0,75.7
St. Lucia,LCA,2020.0,76.195
Latin America & Caribbean,LCN,2020.0,76.5741438725472
Least developed countries: UN classification,LDC,2020.0,67.3549095614096
Low income,LIC,2020.0,65.2787797211658
Liechtenstein,LIE,2020.0,83.4
Sri Lanka,LKA,2020.0,80.066
Lower middle income,LMC,2020.0,70.1435873451693
Low & middle income,LMY,2020.0,73.280808377584
Lesotho,LSO,2020.0,57.669
Late-demographic dividend,LTE,2020.0,79.9522729407566
Lithuania,LTU,2020.0,80.1
Luxembourg,LUX,2020.0,84.5
Latvia,LVA,2020.0,80.0
"Macao SAR, China",MAC,2020.0,87.1
St. Martin (French part),MAF,2020.0,83.851
Morocco,MAR,2020.0,75.718
Monaco,MCO,2020.0,88.27
Moldova,MDA,2020.0,74.223
Madagascar,MDG,2020.0,64.576
Maldives,MDV,2020.0,80.386
"Middle East, North Africa, Afghanistan & Pakistan",MEA,2020.0,72.2976246443229
Mexico,MEX,2020.0,74.109
Marshall Islands,MHL,2020.0,68.086
Middle income,MIC,2020.0,74.0732353424761
North Macedonia,MKD,2020.0,76.7
Mali,MLI,2020.0,60.316
Malta,MLT,2020.0,84.3
Myanmar,MMR,2020.0,69.702
"Middle East, North Africa, Afghanistan & Pakistan (excluding high income)",MNA,2020.0,71.6112593778119
Montenegro,MNE,2020.0,78.8
Mongolia,MNG,2020.0,76.22
Northern Mariana Islands,MNP,2020.0,79.997
Mozambique,MOZ,2020.0,64.17
Mauritania,MRT,2020.0,68.897
Mauritius,MUS,2020.0,77.66
Malawi,MWI,2020.0,68.813
Malaysia,MYS,2020.0,78.769
North America,NAC,2020.0,80.31071478869
Namibia,NAM,2020.0,68.035
New Caledonia,NCL,2020.0,79.53
Niger,NER,2020.0,61.018
Nigeria,NGA,2020.0,53.432
Nicaragua,NIC,2020.0,74.03
Netherlands,NLD,2020.0,83.1
Norway,NOR,2020.0,84.9
Nepal,NPL,2020.0,70.772
Nauru,NRU,2020.0,64.025
New Zealand,NZL,2020.0,84.1
OECD members,OED,2020.0,81.8919932604511
Oman,OMN,2020.0,79.477
Other small states,OSS,2020.0,75.2477708734966
Pakistan,PAK,2020.0,68.447
Panama,PAN,2020.0,79.822
Peru,PER,2020.0,77.976
Philippines,PHL,2020.0,72.76
Palau,PLW,2020.0,71.926
Papua New Guinea,PNG,2020.0,68.368
Poland,POL,2020.0,80.6
Pre-demographic dividend,PRE,2020.0,62.5096786101073
Puerto Rico (US),PRI,2020.0,83.951
"Korea, Dem. People's Rep.",PRK,2020.0,75.691
Portugal,PRT,2020.0,84.3
Paraguay,PRY,2020.0,76.063
West Bank and Gaza,PSE,2020.0,77.603
Pacific island small states,PSS,2020.0,70.6907316226206
Post-demographic dividend,PST,2020.0,82.9171726155671
French Polynesia,PYF,2020.0,85.448
Qatar,QAT,2020.0,82.165
Romania,ROU,2020.0,78.3
Russian Federation,RUS,2020.0,76.43
Rwanda,RWA,2020.0,69.063
South Asia,SAS,2020.0,72.1945134353036
Saudi Arabia,SAU,2020.0,80.055
Sudan,SDN,2020.0,68.153
Senegal,SEN,2020.0,69.693
Singapore,SGP,2020.0,85.9
Solomon Islands,SLB,2020.0,70.977
Sierra Leone,SLE,2020.0,61.202
El Salvador,SLV,2020.0,74.716
San Marino,SMR,2020.0,85.115
"Somalia, Fed. Rep.",SOM,2020.0,59.176
Serbia,SRB,2020.0,77.5
Sub-Saharan Africa (excluding high income),SSA,2020.0,62.6482633772485
South Sudan,SSD,2020.0,60.46
Sub-Saharan Africa,SSF,2020.0,63.3289846418535
Small states,SST,2020.0,74.695261192581
Sao Tome and Principe,STP,2020.0,72.049
Suriname,SUR,2020.0,76.22
Slovak Republic,SVK,2020.0,80.4
Slovenia,SVN,2020.0,83.4
Sweden,SWE,2020.0,84.2
Eswatini,SWZ,2020.0,62.79
Sint Maarten (Dutch part),SXM,2020.0,78.535
Seychelles,SYC,2020.0,82.0
Syrian Arab Republic,SYR,2020.0,74.808
Turks and Caicos Islands,TCA,2020.0,79.999
Chad,TCD,2020.0,54.893
East Asia & Pacific (IDA & IBRD countries),TEA,2020.0,78.7233137211864
Europe & Central Asia (IDA & IBRD countries),TEC,2020.0,77.3319344174334
Togo,TGO,2020.0,61.445
Thailand,THA,2020.0,81.904
Tajikistan,TJK,2020.0,71.088
Turkmenistan,TKM,2020.0,71.928
Latin America & the Caribbean (IDA & IBRD countries),TLA,2020.0,76.470564922146
Timor-Leste,TLS,2020.0,68.871
"Middle East, North Africa, Afghanistan & Pakistan (IDA & IBRD)",TMN,2020.0,71.5685230446706
Tonga,TON,2020.0,76.077
South Asia (IDA & IBRD),TSA,2020.0,72.1945134353036
Sub-Saharan Africa (IDA & IBRD countries),TSS,2020.0,63.3289846418535
Trinidad and Tobago,TTO,2020.0,76.044
Tunisia,TUN,2020.0,77.745
Turkiye,TUR,2020.0,79.887
Tuvalu,TUV,2020.0,69.96
Tanzania,TZA,2020.0,69.961
Uganda,UGA,2020.0,69.43
Ukraine,UKR,2020.0,78.024
Upper middle income,UMC,2020.0,78.2258394489214
Uruguay,URY,2020.0,82.015
United States,USA,2020.0,79.9
Uzbekistan,UZB,2020.0,74.462
St. Vincent and the Grenadines,VCT,2020.0,74.459
"Venezuela, RB",VEN,2020.0,76.501
British Virgin Islands,VGB,2020.0,79.718
Virgin Islands (U.S.),VIR,2020.0,83.2
Viet Nam,VNM,2020.0,80.314
Vanuatu,VUT,2020.0,73.245
World,WLD,2020.0,74.8453866581888
Samoa,WSM,2020.0,72.881
Kosovo,XKX,2020.0,76.635
"Yemen, Rep.",YEM,2020.0,69.805
South Africa,ZAF,2020.0,67.948
Zambia,ZMB,2020.0,65.953
Zimbabwe,ZWE,2020.0,63.747
Aruba,ABW,2021.0,76.417
Africa Eastern and Southern,AFE,2021.0,65.652968103453
Afghanistan,AFG,2021.0,64.079
Africa Western and Central,AFW,2021.0,58.4736335885553
Angola,AGO,2021.0,65.441
Albania,ALB,2021.0,79.002
Andorra,AND,2021.0,84.678
Arab World,ARB,2021.0,72.3672117797234
United Arab Emirates,ARE,2021.0,80.926
Argentina,ARG,2021.0,76.86
Armenia,ARM,2021.0,77.4
American Samoa,ASM,2021.0,75.73
Antigua and Barbuda,ATG,2021.0,79.757
Australia,AUS,2021.0,85.4
Austria,AUT,2021.0,83.7
Azerbaijan,AZE,2021.0,73.744
Burundi,BDI,2021.0,64.111
Belgium,BEL,2021.0,84.3
Benin,BEN,2021.0,60.825
Burkina Faso,BFA,2021.0,61.831
Bangladesh,BGD,2021.0,72.847
Bulgaria,BGR,2021.0,74.9
Bahrain,BHR,2021.0,78.844
"Bahamas, The",BHS,2021.0,74.145
Bosnia and Herzegovina,BIH,2021.0,77.649
Belarus,BLR,2021.0,77.176
Belize,BLZ,2021.0,73.796
Bermuda,BMU,2021.0,85.385
Bolivia,BOL,2021.0,65.25
Brazil,BRA,2021.0,76.401
Barbados,BRB,2021.0,78.72
Brunei Darussalam,BRN,2021.0,77.032
Bhutan,BTN,2021.0,74.365
Botswana,BWA,2021.0,65.511
Central African Republic,CAF,2021.0,46.032
Canada,CAN,2021.0,83.91
Central Europe and the Baltics,CEB,2021.0,78.5636783539103
Switzerland,CHE,2021.0,85.8
Channel Islands,CHI,2021.0,82.5
Chile,CHL,2021.0,81.486
China,CHN,2021.0,80.912
Cote d'Ivoire,CIV,2021.0,62.313
Cameroon,CMR,2021.0,63.297
"Congo, Dem. Rep.",COD,2021.0,62.137
"Congo, Rep.",COG,2021.0,65.75
Colombia,COL,2021.0,76.349
Comoros,COM,2021.0,67.314
Cabo Verde,CPV,2021.0,77.876
Costa Rica,CRI,2021.0,81.208
Caribbean small states,CSS,2021.0,73.2073548672037
Cuba,CUB,2021.0,75.966
Curacao,CUW,2021.0,79.709
Cayman Islands,CYM,2021.0,81.91
Cyprus,CYP,2021.0,83.016
Czechia,CZE,2021.0,80.5
Germany,DEU,2021.0,83.3
Djibouti,DJI,2021.0,66.403
Dominica,DMA,2021.0,73.033
Denmark,DNK,2021.0,83.3
Dominican Republic,DOM,2021.0,75.449
Algeria,DZA,2021.0,76.65
East Asia & Pacific (excluding high income),EAP,2021.0,78.0935932680504
Early-demographic dividend,EAR,2021.0,70.3353222319971
East Asia & Pacific,EAS,2021.0,79.008827309637
Europe & Central Asia (excluding high income),ECA,2021.0,76.3539646760149
Europe & Central Asia,ECS,2021.0,79.9180982584198
Ecuador,ECU,2021.0,76.007
"Egypt, Arab Rep.",EGY,2021.0,70.808
Euro area,EMU,2021.0,84.29349375723
Eritrea,ERI,2021.0,68.978
Spain,ESP,2021.0,86.2
Estonia,EST,2021.0,81.4
Ethiopia,ETH,2021.0,68.715
European Union,EUU,2021.0,83.1872544638918
Fragile and conflict affected situations,FCS,2021.0,63.8887666203075
Finland,FIN,2021.0,84.6
Fiji,FJI,2021.0,66.931
France,FRA,2021.0,85.5
Faroe Islands,FRO,2021.0,84.7082
"Micronesia, Fed. Sts.",FSM,2021.0,69.792
Gabon,GAB,2021.0,69.607
United Kingdom,GBR,2021.0,82.671
Georgia,GEO,2021.0,75.778
Ghana,GHA,2021.0,66.533
Gibraltar,GIB,2021.0,82.801
Guinea,GIN,2021.0,60.535
"Gambia, The",GMB,2021.0,65.446
Guinea-Bissau,GNB,2021.0,63.87
Equatorial Guinea,GNQ,2021.0,64.373
Greece,GRC,2021.0,82.9
Grenada,GRD,2021.0,77.533
Greenland,GRL,2021.0,73.3
Guatemala,GTM,2021.0,70.963
Guam,GUM,2021.0,79.524
Guyana,GUY,2021.0,67.975
High income,HIC,2021.0,81.7971957877067
"Hong Kong SAR, China",HKG,2021.0,87.94
Honduras,HND,2021.0,72.175
Heavily indebted poor countries (HIPC),HPC,2021.0,65.0332672460859
Croatia,HRV,2021.0,79.6
Haiti,HTI,2021.0,65.712
Hungary,HUN,2021.0,77.6
IBRD only,IBD,2021.0,74.5666336304196
IDA & IBRD total,IBT,2021.0,72.1395084356756
IDA total,IDA,2021.0,65.6927733296593
IDA blend,IDB,2021.0,62.5764459171529
Indonesia,IDN,2021.0,69.437
IDA only,IDX,2021.0,67.3395927744097
Isle of Man,IMN,2021.0,82.607
India,IND,2021.0,68.835
Ireland,IRL,2021.0,84.2
"Iran, Islamic Rep.",IRN,2021.0,75.692
Iraq,IRQ,2021.0,72.415
Iceland,ISL,2021.0,84.6
Israel,ISR,2021.0,84.6
Italy,ITA,2021.0,84.9
Jamaica,JAM,2021.0,71.477
Jordan,JOR,2021.0,76.645
Japan,JPN,2021.0,87.57
Kazakhstan,KAZ,2021.0,74.07
Kenya,KEN,2021.0,63.636
Kyrgyz Republic,KGZ,2021.0,76.1
Cambodia,KHM,2021.0,71.834
Kiribati,KIR,2021.0,65.773
St. Kitts and Nevis,KNA,2021.0,73.172
"Korea, Rep.",KOR,2021.0,86.6
Kuwait,KWT,2021.0,79.3
Latin America & Caribbean (excluding high income),LAC,2021.0,74.8061637430427
Lao PDR,LAO,2021.0,70.072
Lebanon,LBN,2021.0,76.357
Liberia,LBR,2021.0,62.419
Libya,LBY,2021.0,74.938
St. Lucia,LCA,2021.0,72.917
Latin America & Caribbean,LCN,2021.0,75.1946356303831
Least developed countries: UN classification,LDC,2021.0,66.7082873294353
Low income,LIC,2021.0,64.7481739733938
Liechtenstein,LIE,2021.0,86.4
Sri Lanka,LKA,2021.0,79.522
Lower middle income,LMC,2021.0,68.3039787082349
Low & middle income,LMY,2021.0,72.0436003707909
Lesotho,LSO,2021.0,56.796
Late-demographic dividend,LTE,2021.0,79.3997319683458
Lithuania,LTU,2021.0,78.8
Luxembourg,LUX,2021.0,84.8
Latvia,LVA,2021.0,78.0
"Macao SAR, China",MAC,2021.0,86.7
St. Martin (French part),MAF,2021.0,83.85
Morocco,MAR,2021.0,75.659
Monaco,MCO,2021.0,87.294
Moldova,MDA,2021.0,73.115
Madagascar,MDG,2021.0,64.256
Maldives,MDV,2021.0,79.699
"Middle East, North Africa, Afghanistan & Pakistan",MEA,2021.0,71.888396493753
Mexico,MEX,2021.0,73.352
Marshall Islands,MHL,2021.0,67.841
Middle income,MIC,2021.0,72.7793651812813
North Macedonia,MKD,2021.0,75.5
Mali,MLI,2021.0,60.406
Malta,MLT,2021.0,84.0
Myanmar,MMR,2021.0,68.824
"Middle East, North Africa, Afghanistan & Pakistan (excluding high income)",MNA,2021.0,71.2416726795287
Montenegro,MNE,2021.0,77.0
Mongolia,MNG,2021.0,76.47
Northern Mariana Islands,MNP,2021.0,80.103
Mozambique,MOZ,2021.0,63.142
Mauritania,MRT,2021.0,68.689
Mauritius,MUS,2021.0,77.24
Malawi,MWI,2021.0,68.246
Malaysia,MYS,2021.0,76.712
North America,NAC,2021.0,79.7821342496196
Namibia,NAM,2021.0,64.551
New Caledonia,NCL,2021.0,80.314
Niger,NER,2021.0,60.523
Nigeria,NGA,2021.0,53.741
Nicaragua,NIC,2021.0,73.446
Netherlands,NLD,2021.0,83.0
Norway,NOR,2021.0,84.7
Nepal,NPL,2021.0,69.89
Nauru,NRU,2021.0,63.417
New Zealand,NZL,2021.0,84.0
OECD members,OED,2021.0,81.5402048400602
Oman,OMN,2021.0,77.704
Other small states,OSS,2021.0,74.4225664670521
Pakistan,PAK,2021.0,68.299
Panama,PAN,2021.0,80.256
Peru,PER,2021.0,74.714
Philippines,PHL,2021.0,69.7
Palau,PLW,2021.0,71.348
Papua New Guinea,PNG,2021.0,67.449
Poland,POL,2021.0,79.5
Pre-demographic dividend,PRE,2021.0,62.1715609850848
Puerto Rico (US),PRI,2021.0,83.821
"Korea, Dem. People's Rep.",PRK,2021.0,75.487
Portugal,PRT,2021.0,84.4
Paraguay,PRY,2021.0,71.335
West Bank and Gaza,PSE,2021.0,76.44
Pacific island small states,PSS,2021.0,69.4887722437995
Post-demographic dividend,PST,2021.0,82.6585623204085
French Polynesia,PYF,2021.0,82.116
Qatar,QAT,2021.0,82.184
Romania,ROU,2021.0,76.6
Russian Federation,RUS,2021.0,74.51
Rwanda,RWA,2021.0,68.922
South Asia,SAS,2021.0,69.4422159635494
Saudi Arabia,SAU,2021.0,79.881
Sudan,SDN,2021.0,67.354
Senegal,SEN,2021.0,68.981
Singapore,SGP,2021.0,85.5
Solomon Islands,SLB,2021.0,70.302
Sierra Leone,SLE,2021.0,61.736
El Salvador,SLV,2021.0,74.344
San Marino,SMR,2021.0,85.172
"Somalia, Fed. Rep.",SOM,2021.0,57.752
Serbia,SRB,2021.0,75.7
Sub-Saharan Africa (excluding high income),SSA,2021.0,62.1026741398366
South Sudan,SSD,2021.0,59.726
Sub-Saharan Africa,SSF,2021.0,62.773237816929
Small states,SST,2021.0,73.4793797401833
Sao Tome and Principe,STP,2021.0,71.978
Suriname,SUR,2021.0,72.14
Slovak Republic,SVK,2021.0,78.2
Slovenia,SVN,2021.0,83.8
Sweden,SWE,2021.0,84.9
Eswatini,SWZ,2021.0,61.392
Sint Maarten (Dutch part),SXM,2021.0,77.614
Seychelles,SYC,2021.0,75.6
Syrian Arab Republic,SYR,2021.0,74.594
Turks and Caicos Islands,TCA,2021.0,79.633
Chad,TCD,2021.0,54.983
East Asia & Pacific (IDA & IBRD countries),TEA,2021.0,78.1268680843019
Europe & Central Asia (IDA & IBRD countries),TEC,2021.0,76.0260265430474
Togo,TGO,2021.0,61.589
Thailand,THA,2021.0,82.098
Tajikistan,TJK,2021.0,71.863
Turkmenistan,TKM,2021.0,72.189
Latin America & the Caribbean (IDA & IBRD countries),TLA,2021.0,75.1310094600796
Timor-Leste,TLS,2021.0,67.959
"Middle East, North Africa, Afghanistan & Pakistan (IDA & IBRD)",TMN,2021.0,71.2043460678062
Tonga,TON,2021.0,75.693
South Asia (IDA & IBRD),TSA,2021.0,69.4422159635494
Sub-Saharan Africa (IDA & IBRD countries),TSS,2021.0,62.773237816929
Trinidad and Tobago,TTO,2021.0,74.481
Tunisia,TUN,2021.0,75.82
Turkiye,TUR,2021.0,79.004
Tuvalu,TUV,2021.0,69.601
Tanzania,TZA,2021.0,69.093
Uganda,UGA,2021.0,69.235
Ukraine,UKR,2021.0,76.033
Upper middle income,UMC,2021.0,77.5485136257462
Uruguay,URY,2021.0,79.444
United States,USA,2021.0,79.3
Uzbekistan,UZB,2021.0,74.485
St. Vincent and the Grenadines,VCT,2021.0,72.83
"Venezuela, RB",VEN,2021.0,75.619
British Virgin Islands,VGB,2021.0,78.262
Virgin Islands (U.S.),VIR,2021.0,83.5
Viet Nam,VNM,2021.0,78.771
Vanuatu,VUT,2021.0,72.43
World,WLD,2021.0,73.7438161625038
Samoa,WSM,2021.0,73.016
Kosovo,XKX,2021.0,76.996
"Yemen, Rep.",YEM,2021.0,69.17
South Africa,ZAF,2021.0,64.772
Zambia,ZMB,2021.0,64.925
Zimbabwe,ZWE,2021.0,62.289
Aruba,ABW,2022.0,78.691
Africa Eastern and Southern,AFE,2022.0,67.2312026473308
Afghanistan,AFG,2022.0,67.236
Africa Western and Central,AFW,2022.0,59.1434742082473
Angola,AGO,2022.0,66.753
Albania,ALB,2022.0,80.781
Andorra,AND,2022.0,86.075
Arab World,ARB,2022.0,73.8783117926834
United Arab Emirates,ARE,2022.0,82.115
Argentina,ARG,2022.0,78.318
Armenia,ARM,2022.0,78.3
American Samoa,ASM,2022.0,75.794
Antigua and Barbuda,ATG,2022.0,80.154
Australia,AUS,2022.0,85.3
Austria,AUT,2022.0,83.6
Azerbaijan,AZE,2022.0,76.674
Burundi,BDI,2022.0,64.916
Belgium,BEL,2022.0,83.9
Benin,BEN,2022.0,61.75
Burkina Faso,BFA,2022.0,62.558
Bangladesh,BGD,2022.0,76.051
Bulgaria,BGR,2022.0,77.9
Bahrain,BHR,2022.0,81.809
"Bahamas, The",BHS,2022.0,78.09
Bosnia and Herzegovina,BIH,2022.0,80.728
Belarus,BLR,2022.0,79.002
Belize,BLZ,2022.0,75.104
Bermuda,BMU,2022.0,85.566
Bolivia,BOL,2022.0,70.255
Brazil,BRA,2022.0,78.094
Barbados,BRB,2022.0,78.274
Brunei Darussalam,BRN,2022.0,74.813
Bhutan,BTN,2022.0,74.722
Botswana,BWA,2022.0,71.247
Central African Republic,CAF,2022.0,25.552
Canada,CAN,2022.0,83.41
Central Europe and the Baltics,CEB,2022.0,80.4083810304144
Switzerland,CHE,2022.0,85.5
Channel Islands,CHI,2022.0,83.2
Chile,CHL,2022.0,81.566
China,CHN,2022.0,81.133
Cote d'Ivoire,CIV,2022.0,63.731
Cameroon,CMR,2022.0,64.634
"Congo, Dem. Rep.",COD,2022.0,63.116
"Congo, Rep.",COG,2022.0,66.629
Colombia,COL,2022.0,79.471
Comoros,COM,2022.0,68.617
Cabo Verde,CPV,2022.0,79.056
Costa Rica,CRI,2022.0,82.197
Caribbean small states,CSS,2022.0,76.1351856474478
Cuba,CUB,2022.0,80.098
Curacao,CUW,2022.0,80.763
Cayman Islands,CYM,2022.0,82.504
Cyprus,CYP,2022.0,82.577
Czechia,CZE,2022.0,81.9
Germany,DEU,2022.0,83.0
Djibouti,DJI,2022.0,68.089
Dominica,DMA,2022.0,74.572
Denmark,DNK,2022.0,83.2
Dominican Republic,DOM,2022.0,77.914
Algeria,DZA,2022.0,77.592
East Asia & Pacific (excluding high income),EAP,2022.0,78.8557055830998
Early-demographic dividend,EAR,2022.0,73.570267749594
East Asia & Pacific,EAS,2022.0,79.6218382840782
Europe & Central Asia (excluding high income),ECA,2022.0,78.4461828242563
Europe & Central Asia,ECS,2022.0,81.166357042963
Ecuador,ECU,2022.0,79.473
"Egypt, Arab Rep.",EGY,2022.0,73.24
Euro area,EMU,2022.0,84.1552516964599
Eritrea,ERI,2022.0,69.827
Spain,ESP,2022.0,85.9
Estonia,EST,2022.0,82.3
Ethiopia,ETH,2022.0,70.313
European Union,EUU,2022.0,83.4398927223821
Fragile and conflict affected situations,FCS,2022.0,64.9935006376082
Finland,FIN,2022.0,83.8
Fiji,FJI,2022.0,69.239
France,FRA,2022.0,85.1
Faroe Islands,FRO,2022.0,84.7827
"Micronesia, Fed. Sts.",FSM,2022.0,70.738
Gabon,GAB,2022.0,70.341
United Kingdom,GBR,2022.0,83.018
Georgia,GEO,2022.0,79.048
Ghana,GHA,2022.0,67.611
Gibraltar,GIB,2022.0,86.097
Guinea,GIN,2022.0,61.605
"Gambia, The",GMB,2022.0,66.5
Guinea-Bissau,GNB,2022.0,65.854
Equatorial Guinea,GNQ,2022.0,65.261
Greece,GRC,2022.0,83.4
Grenada,GRD,2022.0,78.269
Greenland,GRL,2022.0,73.11
Guatemala,GTM,2022.0,73.719
Guam,GUM,2022.0,81.356
Guyana,GUY,2022.0,73.672
High income,HIC,2022.0,82.3831829134432
"Hong Kong SAR, China",HKG,2022.0,86.77
Honduras,HND,2022.0,75.345
Heavily indebted poor countries (HIPC),HPC,2022.0,66.2503061958887
Croatia,HRV,2022.0,80.7
Haiti,HTI,2022.0,67.228
Hungary,HUN,2022.0,79.3
IBRD only,IBD,2022.0,76.8892819531567
IDA & IBRD total,IBT,2022.0,74.1697380272577
IDA total,IDA,2022.0,67.0639361068382
IDA blend,IDB,2022.0,63.8533526080336
Indonesia,IDN,2022.0,72.981
IDA only,IDX,2022.0,68.7576830080308
Isle of Man,IMN,2022.0,83.09
India,IND,2022.0,73.271
Ireland,IRL,2022.0,84.2
"Iran, Islamic Rep.",IRN,2022.0,78.813
Iraq,IRQ,2022.0,73.798
Iceland,ISL,2022.0,83.4
Israel,ISR,2022.0,84.8
Italy,ITA,2022.0,84.8
Jamaica,JAM,2022.0,73.979
Jordan,JOR,2022.0,79.433
Japan,JPN,2022.0,87.09
Kazakhstan,KAZ,2022.0,77.752
Kenya,KEN,2022.0,65.869
Kyrgyz Republic,KGZ,2022.0,76.3
Cambodia,KHM,2022.0,73.072
Kiribati,KIR,2022.0,67.896
St. Kitts and Nevis,KNA,2022.0,74.2
"Korea, Rep.",KOR,2022.0,85.6
Kuwait,KWT,2022.0,81.1
Latin America & Caribbean (excluding high income),LAC,2022.0,77.4514050039393
Lao PDR,LAO,2022.0,71.0
Lebanon,LBN,2022.0,79.864
Liberia,LBR,2022.0,63.209
Libya,LBY,2022.0,77.152
St. Lucia,LCA,2022.0,76.304
Latin America & Caribbean,LCN,2022.0,77.6477504832506
Least developed countries: UN classification,LDC,2022.0,68.1323086048328
Low income,LIC,2022.0,65.6789945104724
Liechtenstein,LIE,2022.0,85.3
Sri Lanka,LKA,2022.0,80.451
Lower middle income,LMC,2022.0,71.2396420999517
Low & middle income,LMY,2022.0,74.064650490607
Lesotho,LSO,2022.0,59.43
Late-demographic dividend,LTE,2022.0,80.1518653831527
Lithuania,LTU,2022.0,80.1
Luxembourg,LUX,2022.0,85.2
Latvia,LVA,2022.0,79.4
"Macao SAR, China",MAC,2022.0,86.0
St. Martin (French part),MAF,2022.0,83.845
Morocco,MAR,2022.0,77.403
Monaco,MCO,2022.0,87.915
Moldova,MDA,2022.0,76.206
Madagascar,MDG,2022.0,64.801
Maldives,MDV,2022.0,82.546
"Middle East, North Africa, Afghanistan & Pakistan",MEA,2022.0,73.7909718520495
Mexico,MEX,2022.0,76.966
Marshall Islands,MHL,2022.0,69.115
Middle income,MIC,2022.0,74.9260633354446
North Macedonia,MKD,2022.0,76.74
Mali,MLI,2022.0,61.527
Malta,MLT,2022.0,84.5
Myanmar,MMR,2022.0,69.935
"Middle East, North Africa, Afghanistan & Pakistan (excluding high income)",MNA,2022.0,73.2232090207324
Montenegro,MNE,2022.0,78.8
Mongolia,MNG,2022.0,76.7
Northern Mariana Islands,MNP,2022.0,80.472
Mozambique,MOZ,2022.0,65.867
Mauritania,MRT,2022.0,70.261
Mauritius,MUS,2022.0,77.1
Malawi,MWI,2022.0,69.379
Malaysia,MYS,2022.0,78.193
North America,NAC,2022.0,80.5396040985739
Namibia,NAM,2022.0,68.072
New Caledonia,NCL,2022.0,80.365
Niger,NER,2022.0,61.344
Nigeria,NGA,2022.0,54.375
Nicaragua,NIC,2022.0,76.935
Netherlands,NLD,2022.0,83.1
Norway,NOR,2022.0,84.2
Nepal,NPL,2022.0,71.56
Nauru,NRU,2022.0,64.005
New Zealand,NZL,2022.0,83.7
OECD members,OED,2022.0,82.2571638782908
Oman,OMN,2022.0,79.332
Other small states,OSS,2022.0,75.484525686682
Pakistan,PAK,2022.0,69.928
Panama,PAN,2022.0,82.313
Peru,PER,2022.0,78.726
Philippines,PHL,2022.0,72.446
Palau,PLW,2022.0,71.577
Papua New Guinea,PNG,2022.0,68.284
Poland,POL,2022.0,81.1
Pre-demographic dividend,PRE,2022.0,63.2138621315247
Puerto Rico (US),PRI,2022.0,83.58
"Korea, Dem. People's Rep.",PRK,2022.0,75.72
Portugal,PRT,2022.0,84.5
Paraguay,PRY,2022.0,75.414
West Bank and Gaza,PSE,2022.0,79.144
Pacific island small states,PSS,2022.0,71.1310357217328
Post-demographic dividend,PST,2022.0,83.0071890894597
French Polynesia,PYF,2022.0,86.324
Qatar,QAT,2022.0,82.804
Romania,ROU,2022.0,79.2
Russian Federation,RUS,2022.0,77.77
Rwanda,RWA,2022.0,69.625
South Asia,SAS,2022.0,73.6410941912448
Saudi Arabia,SAU,2022.0,80.159
Sudan,SDN,2022.0,68.569
Senegal,SEN,2022.0,69.881
Singapore,SGP,2022.0,85.2
Solomon Islands,SLB,2022.0,71.814
Sierra Leone,SLE,2022.0,63.019
El Salvador,SLV,2022.0,76.164
San Marino,SMR,2022.0,87.127
"Somalia, Fed. Rep.",SOM,2022.0,56.159
Serbia,SRB,2022.0,77.9
Sub-Saharan Africa (excluding high income),SSA,2022.0,63.2771151354183
South Sudan,SSD,2022.0,60.131
Sub-Saharan Africa,SSF,2022.0,63.9920873774856
Small states,SST,2022.0,75.0512096764456
Sao Tome and Principe,STP,2022.0,73.289
Suriname,SUR,2022.0,76.5
Slovak Republic,SVK,2022.0,80.5
Slovenia,SVN,2022.0,84.1
Sweden,SWE,2022.0,84.8
Eswatini,SWZ,2022.0,65.859
Sint Maarten (Dutch part),SXM,2022.0,79.284
Seychelles,SYC,2022.0,78.3
Syrian Arab Republic,SYR,2022.0,75.204
Turks and Caicos Islands,TCA,2022.0,80.215
Chad,TCD,2022.0,56.471
East Asia & Pacific (IDA & IBRD countries),TEA,2022.0,78.8957515114369
Europe & Central Asia (IDA & IBRD countries),TEC,2022.0,78.4805131704263
Togo,TGO,2022.0,62.476
Thailand,THA,2022.0,79.79
Tajikistan,TJK,2022.0,73.776
Turkmenistan,TKM,2022.0,72.682
Latin America & the Caribbean (IDA & IBRD countries),TLA,2022.0,77.5706567627934
Timor-Leste,TLS,2022.0,69.131
"Middle East, North Africa, Afghanistan & Pakistan (IDA & IBRD)",TMN,2022.0,73.180426710938
Tonga,TON,2022.0,76.176
South Asia (IDA & IBRD),TSA,2022.0,73.6410941912448
Sub-Saharan Africa (IDA & IBRD countries),TSS,2022.0,63.9920873774856
Trinidad and Tobago,TTO,2022.0,76.522
Tunisia,TUN,2022.0,78.712
Turkiye,TUR,2022.0,80.719
Tuvalu,TUV,2022.0,70.412
Tanzania,TZA,2022.0,69.625
Uganda,UGA,2022.0,70.544
Ukraine,UKR,2022.0,79.413
Upper middle income,UMC,2022.0,78.8924069245191
Uruguay,URY,2022.0,80.505
United States,USA,2022.0,80.2
Uzbekistan,UZB,2022.0,75.346
St. Vincent and the Grenadines,VCT,2022.0,74.288
"Venezuela, RB",VEN,2022.0,76.525
British Virgin Islands,VGB,2022.0,79.935
Virgin Islands (U.S.),VIR,2022.0,83.7
Viet Nam,VNM,2022.0,79.211
Vanuatu,VUT,2022.0,73.761
World,WLD,2022.0,75.4901304843702
Samoa,WSM,2022.0,73.486
Kosovo,XKX,2022.0,79.811
"Yemen, Rep.",YEM,2022.0,70.319
South Africa,ZAF,2022.0,69.037
Zambia,ZMB,2022.0,67.717
Zimbabwe,ZWE,2022.0,64.544
Aruba,ABW,2023.0,78.779
Africa Eastern and Southern,AFE,2023.0,67.9146324839804
Afghanistan,AFG,2023.0,67.536
Africa Western and Central,AFW,2023.0,59.9971017085887
Angola,AGO,2023.0,67.144
Albania,ALB,2023.0,81.446
Andorra,AND,2023.0,86.107
Arab World,ARB,2023.0,74.4189102394527
United Arab Emirates,ARE,2023.0,84.204
Argentina,ARG,2023.0,79.875
Armenia,ARM,2023.0,81.0
American Samoa,ASM,2023.0,75.838
Antigua and Barbuda,ATG,2023.0,80.294
Australia,AUS,2023.0,85.1
Austria,AUT,2023.0,84.2
Azerbaijan,AZE,2023.0,77.134
Burundi,BDI,2023.0,65.697
Belgium,BEL,2023.0,84.5
Benin,BEN,2023.0,62.208
Burkina Faso,BFA,2023.0,63.222
Bangladesh,BGD,2023.0,76.373
Bulgaria,BGR,2023.0,79.7
Bahrain,BHR,2023.0,81.987
"Bahamas, The",BHS,2023.0,78.187
Bosnia and Herzegovina,BIH,2023.0,80.903
Belarus,BLR,2023.0,79.065
Belize,BLZ,2023.0,76.495
Bermuda,BMU,2023.0,85.742
Bolivia,BOL,2023.0,71.145
Brazil,BRA,2023.0,78.983
Barbados,BRB,2023.0,78.615
Brunei Darussalam,BRN,2023.0,77.555
Bhutan,BTN,2023.0,74.965
Botswana,BWA,2023.0,71.698
Central African Republic,CAF,2023.0,59.29
Canada,CAN,2023.0,83.88
Central Europe and the Baltics,CEB,2023.0,81.4855465935341
Switzerland,CHE,2023.0,86.0
Channel Islands,CHI,2023.0,83.2
Chile,CHL,2023.0,83.084
China,CHN,2023.0,80.926
Cote d'Ivoire,CIV,2023.0,64.132
Cameroon,CMR,2023.0,65.944
"Congo, Dem. Rep.",COD,2023.0,64.038
"Congo, Rep.",COG,2023.0,67.461
Colombia,COL,2023.0,80.452
Comoros,COM,2023.0,68.932
Cabo Verde,CPV,2023.0,79.209
Costa Rica,CRI,2023.0,83.42
Caribbean small states,CSS,2023.0,76.4569205704503
Cuba,CUB,2023.0,80.52
Curacao,CUW,2023.0,80.823
Cayman Islands,CYM,2023.0,82.867
Cyprus,CYP,2023.0,83.668
Czechia,CZE,2023.0,82.9
Germany,DEU,2023.0,83.5
Djibouti,DJI,2023.0,68.51
Dominica,DMA,2023.0,74.545
Denmark,DNK,2023.0,83.7
Dominican Republic,DOM,2023.0,76.975
Algeria,DZA,2023.0,77.696
East Asia & Pacific (excluding high income),EAP,2023.0,78.8358178408631
Early-demographic dividend,EAR,2023.0,73.9138639017254
East Asia & Pacific,EAS,2023.0,79.6316355150428
Europe & Central Asia (excluding high income),ECA,2023.0,78.4206610438241
Europe & Central Asia,ECS,2023.0,81.6881580006017
Ecuador,ECU,2023.0,80.139
"Egypt, Arab Rep.",EGY,2023.0,73.809
Euro area,EMU,2023.0,84.787125777803
Eritrea,ERI,2023.0,70.656
Spain,ESP,2023.0,86.7
Estonia,EST,2023.0,83.3
Ethiopia,ETH,2023.0,70.726
European Union,EUU,2023.0,84.1427832267212
Fragile and conflict affected situations,FCS,2023.0,65.6197472995927
Finland,FIN,2023.0,84.3
Fiji,FJI,2023.0,69.362
France,FRA,2023.0,85.7
Faroe Islands,FRO,2023.0,84.8518
"Micronesia, Fed. Sts.",FSM,2023.0,71.119
Gabon,GAB,2023.0,71.052
United Kingdom,GBR,2023.0,83.208
Georgia,GEO,2023.0,79.107
Ghana,GHA,2023.0,67.943
Gibraltar,GIB,2023.0,86.143
Guinea,GIN,2023.0,61.897
"Gambia, The",GMB,2023.0,67.534
Guinea-Bissau,GNB,2023.0,66.362
Equatorial Guinea,GNQ,2023.0,65.661
Greece,GRC,2023.0,84.4
Grenada,GRD,2023.0,78.359
Greenland,GRL,2023.0,72.97
Guatemala,GTM,2023.0,74.877
Guam,GUM,2023.0,81.419
Guyana,GUY,2023.0,73.944
High income,HIC,2023.0,83.0829127640584
"Hong Kong SAR, China",HKG,2023.0,88.09
Honduras,HND,2023.0,75.501
Heavily indebted poor countries (HIPC),HPC,2023.0,67.1392001757477
Croatia,HRV,2023.0,81.7
Haiti,HTI,2023.0,68.3
Hungary,HUN,2023.0,79.9
IBRD only,IBD,2023.0,77.1537328332049
IDA & IBRD total,IBT,2023.0,74.4837301216544
IDA total,IDA,2023.0,67.6201500812869
IDA blend,IDB,2023.0,64.1775186393697
Indonesia,IDN,2023.0,73.268
IDA only,IDX,2023.0,69.4316661218141
Isle of Man,IMN,2023.0,83.134
India,IND,2023.0,73.598
Ireland,IRL,2023.0,84.6
"Iran, Islamic Rep.",IRN,2023.0,79.628
Iraq,IRQ,2023.0,74.055
Iceland,ISL,2023.0,84.3
Israel,ISR,2023.0,85.5
Italy,ITA,2023.0,85.4
Jamaica,JAM,2023.0,73.994
Jordan,JOR,2023.0,80.192
Japan,JPN,2023.0,87.14
Kazakhstan,KAZ,2023.0,78.394
Kenya,KEN,2023.0,65.92
Kyrgyz Republic,KGZ,2023.0,76.5
Cambodia,KHM,2023.0,73.187
Kiribati,KIR,2023.0,68.17
St. Kitts and Nevis,KNA,2023.0,76.023
"Korea, Rep.",KOR,2023.0,86.4
Kuwait,KWT,2023.0,83.7
Latin America & Caribbean (excluding high income),LAC,2023.0,78.3524938956261
Lao PDR,LAO,2023.0,71.25
Lebanon,LBN,2023.0,79.734
Liberia,LBR,2023.0,63.444
Libya,LBY,2023.0,70.416
St. Lucia,LCA,2023.0,76.304
Latin America & Caribbean,LCN,2023.0,78.5278424511021
Least developed countries: UN classification,LDC,2023.0,68.8667866086692
Low income,LIC,2023.0,66.7315184265345
Liechtenstein,LIE,2023.0,86.9
Sri Lanka,LKA,2023.0,80.593
Lower middle income,LMC,2023.0,71.5394099823583
Low & middle income,LMY,2023.0,74.3448310685651
Lesotho,LSO,2023.0,60.007
Late-demographic dividend,LTE,2023.0,80.3397508279165
Lithuania,LTU,2023.0,81.9
Luxembourg,LUX,2023.0,85.0
Latvia,LVA,2023.0,80.6
"Macao SAR, China",MAC,2023.0,86.1
St. Martin (French part),MAF,2023.0,83.839
Morocco,MAR,2023.0,77.6
Monaco,MCO,2023.0,88.504
Moldova,MDA,2023.0,75.535
Madagascar,MDG,2023.0,65.377
Maldives,MDV,2023.0,82.819
"Middle East, North Africa, Afghanistan & Pakistan",MEA,2023.0,74.1164334662743
Mexico,MEX,2023.0,77.811
Marshall Islands,MHL,2023.0,69.334
Middle income,MIC,2023.0,75.1419490168429
North Macedonia,MKD,2023.0,77.58
Mali,MLI,2023.0,61.9
Malta,MLT,2023.0,85.2
Myanmar,MMR,2023.0,70.164
"Middle East, North Africa, Afghanistan & Pakistan (excluding high income)",MNA,2023.0,73.4627860931851
Montenegro,MNE,2023.0,80.2
Mongolia,MNG,2023.0,76.85
Northern Mariana Islands,MNP,2023.0,80.74
Mozambique,MOZ,2023.0,66.544
Mauritania,MRT,2023.0,70.484
Mauritius,MUS,2023.0,76.89
Malawi,MWI,2023.0,70.562
Malaysia,MYS,2023.0,79.37
North America,NAC,2023.0,81.3995468332434
Namibia,NAM,2023.0,71.337
New Caledonia,NCL,2023.0,81.286
Niger,NER,2023.0,62.129
Nigeria,NGA,2023.0,54.743
Nicaragua,NIC,2023.0,77.418
Netherlands,NLD,2023.0,83.4
Norway,NOR,2023.0,84.6
Nepal,NPL,2023.0,71.837
Nauru,NRU,2023.0,64.003
New Zealand,NZL,2023.0,83.5
OECD members,OED,2023.0,82.8177650741668
Oman,OMN,2023.0,81.882
Other small states,OSS,2023.0,76.1568785561525
Pakistan,PAK,2023.0,70.163
Panama,PAN,2023.0,82.557
Peru,PER,2023.0,80.123
Philippines,PHL,2023.0,72.819
Palau,PLW,2023.0,71.798
Papua New Guinea,PNG,2023.0,69.085
Poland,POL,2023.0,82.1
Pre-demographic dividend,PRE,2023.0,64.0040799448635
Puerto Rico (US),PRI,2023.0,85.243
"Korea, Dem. People's Rep.",PRK,2023.0,75.744
Portugal,PRT,2023.0,85.3
Paraguay,PRY,2023.0,76.953
West Bank and Gaza,PSE,2023.0,71.502
Pacific island small states,PSS,2023.0,71.310095009647
Post-demographic dividend,PST,2023.0,83.6108104908487
French Polynesia,PYF,2023.0,86.505
Qatar,QAT,2023.0,83.368
Romania,ROU,2023.0,80.4
Russian Federation,RUS,2023.0,78.73
Rwanda,RWA,2023.0,69.886
South Asia,SAS,2023.0,73.9637279101968
Saudi Arabia,SAU,2023.0,81.156
Sudan,SDN,2023.0,69.626
Senegal,SEN,2023.0,70.754
Singapore,SGP,2023.0,85.3
Solomon Islands,SLB,2023.0,71.982
Sierra Leone,SLE,2023.0,63.502
El Salvador,SLV,2023.0,76.264
San Marino,SMR,2023.0,87.1
"Somalia, Fed. Rep.",SOM,2023.0,61.388
Serbia,SRB,2023.0,78.6
Sub-Saharan Africa (excluding high income),SSA,2023.0,64.0682639315668
South Sudan,SSD,2023.0,60.627
Sub-Saharan Africa,SSF,2023.0,64.7459683325668
Small states,SST,2023.0,75.5739845491409
Sao Tome and Principe,STP,2023.0,73.728
Suriname,SUR,2023.0,76.835
Slovak Republic,SVK,2023.0,81.5
Slovenia,SVN,2023.0,84.9
Sweden,SWE,2023.0,85.0
Eswatini,SWZ,2023.0,66.953
Sint Maarten (Dutch part),SXM,2023.0,79.531
Seychelles,SYC,2023.0,78.8
Syrian Arab Republic,SYR,2023.0,74.412
Turks and Caicos Islands,TCA,2023.0,80.297
Chad,TCD,2023.0,57.014
East Asia & Pacific (IDA & IBRD countries),TEA,2023.0,78.8753061624035
Europe & Central Asia (IDA & IBRD countries),TEC,2023.0,78.9398081822786
Togo,TGO,2023.0,62.923
Thailand,THA,2023.0,80.861
Tajikistan,TJK,2023.0,73.976
Turkmenistan,TKM,2023.0,72.839
Latin America & the Caribbean (IDA & IBRD countries),TLA,2023.0,78.4565461239632
Timor-Leste,TLS,2023.0,69.436
"Middle East, North Africa, Afghanistan & Pakistan (IDA & IBRD)",TMN,2023.0,73.4770417283655
Tonga,TON,2023.0,76.405
South Asia (IDA & IBRD),TSA,2023.0,73.9637279101968
Sub-Saharan Africa (IDA & IBRD countries),TSS,2023.0,64.7459683325668
Trinidad and Tobago,TTO,2023.0,76.683
Tunisia,TUN,2023.0,79.149
Turkiye,TUR,2023.0,79.855
Tuvalu,TUV,2023.0,70.698
Tanzania,TZA,2023.0,69.775
Uganda,UGA,2023.0,71.116
Ukraine,UKR,2023.0,80.198
Upper middle income,UMC,2023.0,79.0587394436496
Uruguay,URY,2023.0,81.92
United States,USA,2023.0,81.1
Uzbekistan,UZB,2023.0,75.401
St. Vincent and the Grenadines,VCT,2023.0,74.315
"Venezuela, RB",VEN,2023.0,76.501
British Virgin Islands,VGB,2023.0,80.049
Virgin Islands (U.S.),VIR,2023.0,83.9
Viet Nam,VNM,2023.0,79.264
Vanuatu,VUT,2023.0,73.927
World,WLD,2023.0,75.8407208044323
Samoa,WSM,2023.0,73.662
Kosovo,XKX,2023.0,80.118
"Yemen, Rep.",YEM,2023.0,71.388
South Africa,ZAF,2023.0,69.599
Zambia,ZMB,2023.0,68.673
Zimbabwe,ZWE,2023.0,65.013
Aruba,ABW,2024.0,78.918
Africa Eastern and Southern,AFE,2024.0,68.1290763536502
Afghanistan,AFG,2024.0,67.812
Africa Western and Central,AFW,2024.0,60.2140018717288
Angola,AGO,2024.0,67.344
Albania,ALB,2024.0,81.593
Andorra,AND,2024.0,86.24
Arab World,ARB,2024.0,74.6955217456985
United Arab Emirates,ARE,2024.0,84.319
Argentina,ARG,2024.0,80.02
Armenia,ARM,2024.0,81.7
American Samoa,ASM,2024.0,75.994
Antigua and Barbuda,ATG,2024.0,80.446
Australia,AUS,2024.0,85.1
Austria,AUT,2024.0,84.3
Azerbaijan,AZE,2024.0,77.285
Burundi,BDI,2024.0,65.881
Belgium,BEL,2024.0,84.4
Benin,BEN,2024.0,62.416
Burkina Faso,BFA,2024.0,63.432
Bangladesh,BGD,2024.0,76.667
Bulgaria,BGR,2024.0,79.5
Bahrain,BHR,2024.0,82.127
"Bahamas, The",BHS,2024.0,78.327
Bosnia and Herzegovina,BIH,2024.0,81.068
Belarus,BLR,2024.0,79.223
Belize,BLZ,2024.0,76.663
Bermuda,BMU,2024.0,85.871
Bolivia,BOL,2024.0,71.324
Brazil,BRA,2024.0,79.145
Barbados,BRB,2024.0,78.763
Brunei Darussalam,BRN,2024.0,77.733
Bhutan,BTN,2024.0,75.27
Botswana,BWA,2024.0,71.851
Central African Republic,CAF,2024.0,59.562
Canada,CAN,2024.0,84.29
Central Europe and the Baltics,CEB,2024.0,81.536634092338
Switzerland,CHE,2024.0,86.2
Channel Islands,CHI,2024.0,83.3
Chile,CHL,2024.0,83.228
China,CHN,2024.0,80.966
Cote d'Ivoire,CIV,2024.0,64.311
Cameroon,CMR,2024.0,66.225
"Congo, Dem. Rep.",COD,2024.0,64.23
"Congo, Rep.",COG,2024.0,67.715
Colombia,COL,2024.0,80.613
Comoros,COM,2024.0,69.199
Cabo Verde,CPV,2024.0,79.367
Costa Rica,CRI,2024.0,83.575
Caribbean small states,CSS,2024.0,76.603351296682
Cuba,CUB,2024.0,80.682
Curacao,CUW,2024.0,80.962
Cayman Islands,CYM,2024.0,83.004
Cyprus,CYP,2024.0,83.8
Czechia,CZE,2024.0,83.0
Germany,DEU,2024.0,83.2
Djibouti,DJI,2024.0,68.741
Dominica,DMA,2024.0,74.718
Denmark,DNK,2024.0,84.2
Dominican Republic,DOM,2024.0,77.105
Algeria,DZA,2024.0,77.912
East Asia & Pacific (excluding high income),EAP,2024.0,78.9024694309274
Early-demographic dividend,EAR,2024.0,74.1476005876563
East Asia & Pacific,EAS,2024.0,79.701100392311
Europe & Central Asia (excluding high income),ECA,2024.0,78.520285629909
Europe & Central Asia,ECS,2024.0,81.7878253443376
Ecuador,ECU,2024.0,80.305
"Egypt, Arab Rep.",EGY,2024.0,74.009
Euro area,EMU,2024.0,84.8503446464885
Eritrea,ERI,2024.0,70.944
Spain,ESP,2024.0,86.5
Estonia,EST,2024.0,83.7
Ethiopia,ETH,2024.0,71.021
European Union,EUU,2024.0,84.2185287218725
Fragile and conflict affected situations,FCS,2024.0,65.8068641189681
Finland,FIN,2024.0,85.0
Fiji,FJI,2024.0,69.541
France,FRA,2024.0,85.9
Faroe Islands,FRO,2024.0,84.9146
"Micronesia, Fed. Sts.",FSM,2024.0,71.277
Gabon,GAB,2024.0,71.243
United Kingdom,GBR,2024.0,83.325
Georgia,GEO,2024.0,79.233
Ghana,GHA,2024.0,68.159
Gibraltar,GIB,2024.0,86.192
Guinea,GIN,2024.0,62.085
"Gambia, The",GMB,2024.0,67.752
Guinea-Bissau,GNB,2024.0,66.546
Equatorial Guinea,GNQ,2024.0,65.885
Greece,GRC,2024.0,84.4
Grenada,GRD,2024.0,78.504
Greenland,GRL,2024.0,72.23
Guatemala,GTM,2024.0,75.043
Guam,GUM,2024.0,81.589
Guyana,GUY,2024.0,74.091
High income,HIC,2024.0,83.2419370542119
"Hong Kong SAR, China",HKG,2024.0,88.22
Honduras,HND,2024.0,75.67
Heavily indebted poor countries (HIPC),HPC,2024.0,67.3533014005495
Croatia,HRV,2024.0,81.9
Haiti,HTI,2024.0,68.487
Hungary,HUN,2024.0,79.9
IBRD only,IBD,2024.0,77.2924548477733
IDA & IBRD total,IBT,2024.0,74.6096685822063
IDA total,IDA,2024.0,67.8187617164639
IDA blend,IDB,2024.0,64.353343970572
Indonesia,IDN,2024.0,73.434
IDA only,IDX,2024.0,69.6367909657377
Isle of Man,IMN,2024.0,83.202
India,IND,2024.0,73.856
Ireland,IRL,2024.0,84.7
"Iran, Islamic Rep.",IRN,2024.0,79.81
Iraq,IRQ,2024.0,74.184
Iceland,ISL,2024.0,84.5
Israel,ISR,2024.0,85.4
Italy,ITA,2024.0,86.0
Jamaica,JAM,2024.0,74.146
Jordan,JOR,2024.0,80.335
Japan,JPN,2024.0,87.13
Kazakhstan,KAZ,2024.0,78.515
Kenya,KEN,2024.0,66.122
Kyrgyz Republic,KGZ,2024.0,76.6
Cambodia,KHM,2024.0,73.357
Kiribati,KIR,2024.0,68.324
St. Kitts and Nevis,KNA,2024.0,76.156
"Korea, Rep.",KOR,2024.0,86.6
Kuwait,KWT,2024.0,85.4
Latin America & Caribbean (excluding high income),LAC,2024.0,78.5168232098476
Lao PDR,LAO,2024.0,71.53
Lebanon,LBN,2024.0,79.857
Liberia,LBR,2024.0,63.629
Libya,LBY,2024.0,72.679
St. Lucia,LCA,2024.0,76.45
Latin America & Caribbean,LCN,2024.0,78.6901752129439
Least developed countries: UN classification,LDC,2024.0,69.0737853691428
Low income,LIC,2024.0,66.9302180001948
Liechtenstein,LIE,2024.0,86.3
Sri Lanka,LKA,2024.0,80.746
Lower middle income,LMC,2024.0,71.7464099704476
Low & middle income,LMY,2024.0,74.4731976844617
Lesotho,LSO,2024.0,60.438
Late-demographic dividend,LTE,2024.0,80.4232570130997
Lithuania,LTU,2024.0,81.6
Luxembourg,LUX,2024.0,85.5
Latvia,LVA,2024.0,81.5
"Macao SAR, China",MAC,2024.0,86.2
St. Martin (French part),MAF,2024.0,83.963
Morocco,MAR,2024.0,77.777
Monaco,MCO,2024.0,88.626
Moldova,MDA,2024.0,75.672
Madagascar,MDG,2024.0,65.601
Maldives,MDV,2024.0,83.0
"Middle East, North Africa, Afghanistan & Pakistan",MEA,2024.0,74.3439919049211
Mexico,MEX,2024.0,77.999
Marshall Islands,MHL,2024.0,69.476
Middle income,MIC,2024.0,75.2778033592455
North Macedonia,MKD,2024.0,78.86
Mali,MLI,2024.0,62.15
Malta,MLT,2024.0,84.8
Myanmar,MMR,2024.0,70.378
"Middle East, North Africa, Afghanistan & Pakistan (excluding high income)",MNA,2024.0,73.6788964274326
Montenegro,MNE,2024.0,80.4
Mongolia,MNG,2024.0,77.1
Northern Mariana Islands,MNP,2024.0,80.867
Mozambique,MOZ,2024.0,66.743
Mauritania,MRT,2024.0,70.729
Mauritius,MUS,2024.0,77.4
Malawi,MWI,2024.0,70.773
Malaysia,MYS,2024.0,79.521
North America,NAC,2024.0,81.7168589803282
Namibia,NAM,2024.0,71.477
New Caledonia,NCL,2024.0,81.409
Niger,NER,2024.0,62.405
Nigeria,NGA,2024.0,54.939
Nicaragua,NIC,2024.0,77.577
Netherlands,NLD,2024.0,83.4
Norway,NOR,2024.0,84.8
Nepal,NPL,2024.0,72.138
Nauru,NRU,2024.0,64.187
New Zealand,NZL,2024.0,83.7
OECD members,OED,2024.0,82.9913219317246
Oman,OMN,2024.0,82.046
Other small states,OSS,2024.0,76.3855703344643
Pakistan,PAK,2024.0,70.322
Panama,PAN,2024.0,82.707
Peru,PER,2024.0,80.3
Philippines,PHL,2024.0,72.962
Palau,PLW,2024.0,71.943
Papua New Guinea,PNG,2024.0,69.211
Poland,POL,2024.0,82.2
Pre-demographic dividend,PRE,2024.0,64.2128777471862
Puerto Rico (US),PRI,2024.0,85.376
"Korea, Dem. People's Rep.",PRK,2024.0,75.88
Portugal,PRT,2024.0,85.2
Paraguay,PRY,2024.0,77.09
West Bank and Gaza,PSE,2024.0,74.252
Pacific island small states,PSS,2024.0,71.4962009126733
Post-demographic dividend,PST,2024.0,83.7284489974533
French Polynesia,PYF,2024.0,86.624
Qatar,QAT,2024.0,83.479
Romania,ROU,2024.0,80.3
Russian Federation,RUS,2024.0,78.88
Rwanda,RWA,2024.0,70.138
South Asia,SAS,2024.0,74.2248058465562
Saudi Arabia,SAU,2024.0,81.33
Sudan,SDN,2024.0,69.825
Senegal,SEN,2024.0,71.012
Singapore,SGP,2024.0,85.6
Solomon Islands,SLB,2024.0,72.176
Sierra Leone,SLE,2024.0,63.695
El Salvador,SLV,2024.0,76.488
San Marino,SMR,2024.0,87.215
"Somalia, Fed. Rep.",SOM,2024.0,61.551
Serbia,SRB,2024.0,78.35
Sub-Saharan Africa (excluding high income),SSA,2024.0,64.2748019562654
South Sudan,SSD,2024.0,60.749
Sub-Saharan Africa,SSF,2024.0,64.9627402643113
Small states,SST,2024.0,75.7751995974733
Sao Tome and Principe,STP,2024.0,73.909
Suriname,SUR,2024.0,76.979
Slovak Republic,SVK,2024.0,81.7
Slovenia,SVN,2024.0,85.0
Sweden,SWE,2024.0,85.6
Eswatini,SWZ,2024.0,67.106
Sint Maarten (Dutch part),SXM,2024.0,79.656
Seychelles,SYC,2024.0,80.7
Syrian Arab Republic,SYR,2024.0,74.916
Turks and Caicos Islands,TCA,2024.0,80.449
Chad,TCD,2024.0,57.193
East Asia & Pacific (IDA & IBRD countries),TEA,2024.0,78.9410686742634
Europe & Central Asia (IDA & IBRD countries),TEC,2024.0,79.041705602849
Togo,TGO,2024.0,63.151
Thailand,THA,2024.0,80.978
Tajikistan,TJK,2024.0,74.141
Turkmenistan,TKM,2024.0,73.006
Latin America & the Caribbean (IDA & IBRD countries),TLA,2024.0,78.6196732593341
Timor-Leste,TLS,2024.0,69.672
"Middle East, North Africa, Afghanistan & Pakistan (IDA & IBRD)",TMN,2024.0,73.6747006710979
Tonga,TON,2024.0,76.543
South Asia (IDA & IBRD),TSA,2024.0,74.2248058465562
Sub-Saharan Africa (IDA & IBRD countries),TSS,2024.0,64.9627402643113
Trinidad and Tobago,TTO,2024.0,76.825
Tunisia,TUN,2024.0,79.332
Turkiye,TUR,2024.0,80.342
Tuvalu,TUV,2024.0,70.86
Tanzania,TZA,2024.0,69.999
Uganda,UGA,2024.0,71.365
Ukraine,UKR,2024.0,79.393
Upper middle income,UMC,2024.0,79.1530529662229
Uruguay,URY,2024.0,82.043
United States,USA,2024.0,81.4
Uzbekistan,UZB,2024.0,75.547
St. Vincent and the Grenadines,VCT,2024.0,74.476
"Venezuela, RB",VEN,2024.0,76.655
British Virgin Islands,VGB,2024.0,80.186
Virgin Islands (U.S.),VIR,2024.0,84.1
Viet Nam,VNM,2024.0,79.382
Vanuatu,VUT,2024.0,74.113
World,WLD,2024.0,75.9711455767819
Samoa,WSM,2024.0,73.822
Kosovo,XKX,2024.0,80.281
"Yemen, Rep.",YEM,2024.0,71.549
South Africa,ZAF,2024.0,69.792
Zambia,ZMB,2024.0,68.874
Zimbabwe,ZWE,2024.0,65.313
